Timestamp (s),Position_X (m),Position_Y (m),Position_Z (m),Speed_X (m/s),Speed_Y (m/s),Speed_Z (m/s),Pitch (rad),Roll (rad),Yaw (rad),Image_Center_Offset (pixels)
0.0 s,-4.84 m,8.82 m,0.48 m,0.01 m/s,-0.00 m/s,-0.00 m/s,0.00 rad,0.00 rad,-0.00 rad,53 pixels
0.37 s,-4.84 m,8.82 m,0.48 m,0.03 m/s,-0.02 m/s,-0.00 m/s,0.02 rad,0.01 rad,-0.00 rad,53 pixels
0.4 s,-4.84 m,8.82 m,0.48 m,0.04 m/s,-0.02 m/s,-0.00 m/s,0.02 rad,0.01 rad,-0.00 rad,54 pixels
0.42 s,-4.84 m,8.82 m,0.48 m,0.04 m/s,-0.02 m/s,-0.00 m/s,0.02 rad,0.01 rad,-0.00 rad,54 pixels
0.45 s,-4.84 m,8.82 m,0.47 m,0.04 m/s,-0.02 m/s,-0.00 m/s,0.01 rad,0.01 rad,-0.00 rad,54 pixels
0.55 s,-4.84 m,8.82 m,0.47 m,0.05 m/s,-0.02 m/s,-0.00 m/s,0.01 rad,0.00 rad,-0.00 rad,52 pixels
0.76 s,-4.82 m,8.81 m,0.47 m,0.07 m/s,-0.02 m/s,-0.00 m/s,0.01 rad,0.00 rad,-0.00 rad,51 pixels
0.8 s,-4.82 m,8.81 m,0.47 m,0.07 m/s,-0.03 m/s,-0.00 m/s,0.01 rad,0.00 rad,-0.00 rad,49 pixels
0.93 s,-4.81 m,8.81 m,0.47 m,0.08 m/s,-0.03 m/s,-0.00 m/s,0.01 rad,0.00 rad,-0.00 rad,47 pixels
1.07 s,-4.80 m,8.81 m,0.47 m,0.09 m/s,-0.02 m/s,-0.00 m/s,0.01 rad,0.00 rad,-0.00 rad,45 pixels
1.19 s,-4.79 m,8.80 m,0.47 m,0.10 m/s,-0.02 m/s,-0.00 m/s,0.01 rad,0.00 rad,-0.00 rad,43 pixels
1.31 s,-4.79 m,8.80 m,0.47 m,0.10 m/s,-0.02 m/s,-0.00 m/s,0.01 rad,0.00 rad,-0.00 rad,41 pixels
1.44 s,-4.77 m,8.80 m,0.47 m,0.11 m/s,-0.02 m/s,-0.00 m/s,0.01 rad,0.00 rad,-0.00 rad,40 pixels
1.55 s,-4.76 m,8.80 m,0.47 m,0.11 m/s,-0.02 m/s,-0.00 m/s,0.01 rad,0.00 rad,-0.00 rad,38 pixels
1.68 s,-4.75 m,8.80 m,0.47 m,0.11 m/s,-0.02 m/s,-0.00 m/s,0.00 rad,0.00 rad,-0.00 rad,36 pixels
1.81 s,-4.74 m,8.79 m,0.47 m,0.12 m/s,-0.02 m/s,-0.00 m/s,0.00 rad,0.00 rad,-0.00 rad,35 pixels
1.93 s,-4.73 m,8.79 m,0.47 m,0.12 m/s,-0.01 m/s,-0.00 m/s,0.00 rad,0.00 rad,-0.00 rad,33 pixels
2.05 s,-4.72 m,8.79 m,0.47 m,0.12 m/s,-0.01 m/s,-0.00 m/s,0.00 rad,0.00 rad,-0.00 rad,31 pixels
2.07 s,-4.72 m,8.79 m,0.47 m,0.12 m/s,-0.01 m/s,-0.00 m/s,0.00 rad,0.00 rad,-0.00 rad,31 pixels
2.21 s,-4.70 m,8.79 m,0.47 m,0.12 m/s,-0.01 m/s,-0.00 m/s,0.00 rad,0.00 rad,-0.00 rad,30 pixels
2.31 s,-4.69 m,8.79 m,0.47 m,0.12 m/s,-0.01 m/s,-0.00 m/s,0.00 rad,0.00 rad,-0.00 rad,28 pixels
2.44 s,-4.68 m,8.79 m,0.47 m,0.12 m/s,-0.01 m/s,-0.00 m/s,0.00 rad,0.00 rad,-0.00 rad,27 pixels
2.56 s,-4.67 m,8.79 m,0.47 m,0.12 m/s,-0.01 m/s,0.00 m/s,0.00 rad,0.00 rad,-0.00 rad,25 pixels
2.68 s,-4.66 m,8.79 m,0.47 m,0.12 m/s,-0.01 m/s,0.00 m/s,0.00 rad,0.00 rad,-0.00 rad,24 pixels
2.81 s,-4.64 m,8.79 m,0.47 m,0.12 m/s,-0.01 m/s,0.00 m/s,0.00 rad,0.00 rad,-0.00 rad,22 pixels
2.94 s,-4.63 m,8.78 m,0.47 m,0.12 m/s,-0.01 m/s,0.00 m/s,0.00 rad,0.00 rad,-0.00 rad,21 pixels
3.07 s,-4.62 m,8.78 m,0.47 m,0.12 m/s,-0.00 m/s,0.00 m/s,0.00 rad,0.00 rad,-0.00 rad,20 pixels
3.22 s,-4.61 m,8.78 m,0.47 m,0.12 m/s,-0.00 m/s,0.00 m/s,0.00 rad,0.00 rad,-0.00 rad,19 pixels
3.35 s,-4.60 m,8.78 m,0.47 m,0.11 m/s,-0.00 m/s,0.00 m/s,0.00 rad,0.00 rad,-0.00 rad,18 pixels
3.47 s,-4.59 m,8.78 m,0.47 m,0.11 m/s,-0.00 m/s,0.00 m/s,0.00 rad,0.00 rad,-0.00 rad,16 pixels
3.66 s,-4.57 m,8.78 m,0.47 m,0.11 m/s,-0.00 m/s,0.00 m/s,0.00 rad,0.00 rad,-0.00 rad,14 pixels
3.74 s,-4.56 m,8.78 m,0.47 m,0.11 m/s,-0.00 m/s,0.00 m/s,0.00 rad,0.00 rad,-0.00 rad,12 pixels
3.86 s,-4.55 m,8.78 m,0.47 m,0.11 m/s,-0.00 m/s,0.00 m/s,0.00 rad,0.00 rad,-0.00 rad,10 pixels
3.99 s,-4.54 m,8.78 m,0.47 m,0.11 m/s,-0.00 m/s,0.00 m/s,0.00 rad,0.00 rad,-0.00 rad,8 pixels
4.1 s,-4.53 m,8.78 m,0.47 m,0.10 m/s,-0.00 m/s,0.00 m/s,0.00 rad,0.00 rad,-0.00 rad,6 pixels
4.24 s,-4.52 m,8.78 m,0.47 m,0.10 m/s,-0.00 m/s,0.00 m/s,0.00 rad,0.00 rad,-0.00 rad,4 pixels
4.35 s,-4.51 m,8.78 m,0.47 m,0.10 m/s,-0.00 m/s,0.00 m/s,0.00 rad,0.00 rad,-0.00 rad,2 pixels
4.47 s,-4.50 m,8.78 m,0.47 m,0.10 m/s,-0.00 m/s,0.00 m/s,0.00 rad,0.00 rad,-0.00 rad,0 pixels
4.59 s,-4.49 m,8.78 m,0.47 m,0.10 m/s,-0.00 m/s,0.00 m/s,0.00 rad,0.00 rad,-0.00 rad,-3 pixels
4.72 s,-4.48 m,8.78 m,0.47 m,0.10 m/s,-0.00 m/s,0.00 m/s,0.00 rad,0.00 rad,-0.00 rad,-5 pixels
4.83 s,-4.47 m,8.78 m,0.47 m,0.10 m/s,-0.00 m/s,0.00 m/s,0.00 rad,0.00 rad,-0.00 rad,-7 pixels
4.95 s,-4.46 m,8.78 m,0.47 m,0.10 m/s,-0.00 m/s,0.00 m/s,0.00 rad,0.00 rad,-0.00 rad,-9 pixels
5.08 s,-4.45 m,8.78 m,0.47 m,0.10 m/s,-0.00 m/s,0.00 m/s,0.00 rad,0.00 rad,-0.00 rad,-12 pixels
5.22 s,-4.44 m,8.78 m,0.47 m,0.10 m/s,-0.00 m/s,0.00 m/s,0.00 rad,0.00 rad,-0.00 rad,-14 pixels
5.33 s,-4.43 m,8.78 m,0.47 m,0.10 m/s,-0.00 m/s,0.00 m/s,0.00 rad,0.00 rad,-0.00 rad,-16 pixels
5.45 s,-4.42 m,8.78 m,0.47 m,0.10 m/s,-0.00 m/s,0.00 m/s,0.00 rad,0.00 rad,-0.00 rad,-19 pixels
5.57 s,-4.41 m,8.78 m,0.47 m,0.09 m/s,-0.00 m/s,0.00 m/s,0.00 rad,0.00 rad,-0.00 rad,-21 pixels
5.7 s,-4.41 m,8.78 m,0.48 m,0.09 m/s,-0.00 m/s,0.00 m/s,0.00 rad,0.00 rad,-0.00 rad,-23 pixels
5.82 s,-4.40 m,8.78 m,0.48 m,0.09 m/s,-0.00 m/s,0.00 m/s,0.00 rad,0.00 rad,-0.00 rad,-26 pixels
5.94 s,-4.39 m,8.78 m,0.48 m,0.09 m/s,-0.00 m/s,0.00 m/s,0.00 rad,0.00 rad,-0.00 rad,-28 pixels
6.06 s,-4.38 m,8.78 m,0.48 m,0.09 m/s,-0.00 m/s,0.00 m/s,0.00 rad,0.00 rad,-0.00 rad,-30 pixels
6.19 s,-4.37 m,8.78 m,0.48 m,0.09 m/s,-0.00 m/s,0.00 m/s,0.00 rad,0.00 rad,-0.00 rad,-33 pixels
6.32 s,-4.36 m,8.78 m,0.48 m,0.09 m/s,-0.00 m/s,0.00 m/s,0.00 rad,0.00 rad,-0.00 rad,-35 pixels
6.45 s,-4.35 m,8.78 m,0.48 m,0.09 m/s,-0.00 m/s,0.00 m/s,0.00 rad,0.00 rad,-0.00 rad,-38 pixels
6.56 s,-4.34 m,8.78 m,0.48 m,0.09 m/s,-0.00 m/s,0.00 m/s,0.00 rad,0.00 rad,-0.00 rad,-40 pixels
6.69 s,-4.33 m,8.78 m,0.48 m,0.09 m/s,-0.00 m/s,0.00 m/s,0.00 rad,0.00 rad,-0.00 rad,-43 pixels
6.81 s,-4.32 m,8.78 m,0.48 m,0.09 m/s,-0.00 m/s,0.00 m/s,0.00 rad,0.00 rad,-0.00 rad,-45 pixels
6.94 s,-4.31 m,8.78 m,0.48 m,0.10 m/s,-0.00 m/s,0.00 m/s,0.00 rad,0.00 rad,-0.00 rad,-48 pixels
7.07 s,-4.30 m,8.78 m,0.48 m,0.10 m/s,-0.00 m/s,0.00 m/s,0.00 rad,0.00 rad,-0.00 rad,-50 pixels
7.19 s,-4.29 m,8.78 m,0.48 m,0.10 m/s,-0.00 m/s,0.00 m/s,0.00 rad,0.00 rad,-0.00 rad,-53 pixels
7.32 s,-4.28 m,8.77 m,0.48 m,0.10 m/s,-0.00 m/s,0.00 m/s,0.00 rad,0.00 rad,-0.00 rad,-56 pixels
7.45 s,-4.27 m,8.77 m,0.48 m,0.10 m/s,-0.00 m/s,0.00 m/s,0.00 rad,0.00 rad,-0.00 rad,-58 pixels
7.58 s,-4.26 m,8.77 m,0.48 m,0.10 m/s,-0.00 m/s,0.00 m/s,0.00 rad,0.00 rad,-0.00 rad,-61 pixels
7.7 s,-4.25 m,8.77 m,0.48 m,0.10 m/s,-0.00 m/s,0.00 m/s,0.00 rad,0.00 rad,-0.00 rad,-64 pixels
7.82 s,-4.24 m,8.77 m,0.48 m,0.10 m/s,-0.00 m/s,0.00 m/s,0.00 rad,0.00 rad,-0.00 rad,-66 pixels
7.94 s,-4.23 m,8.77 m,0.48 m,0.10 m/s,-0.00 m/s,0.00 m/s,0.00 rad,0.00 rad,-0.00 rad,-69 pixels
8.07 s,-4.22 m,8.77 m,0.48 m,0.10 m/s,-0.00 m/s,0.00 m/s,0.00 rad,0.00 rad,-0.00 rad,-72 pixels
8.18 s,-4.21 m,8.77 m,0.48 m,0.10 m/s,-0.00 m/s,0.00 m/s,0.00 rad,0.00 rad,-0.00 rad,-75 pixels
8.32 s,-4.20 m,8.77 m,0.48 m,0.10 m/s,-0.00 m/s,0.00 m/s,0.00 rad,0.00 rad,-0.00 rad,-77 pixels
8.45 s,-4.19 m,8.77 m,0.48 m,0.10 m/s,-0.00 m/s,0.00 m/s,0.00 rad,0.00 rad,-0.00 rad,-77 pixels
8.59 s,-4.18 m,8.77 m,0.48 m,0.10 m/s,-0.00 m/s,0.00 m/s,0.00 rad,0.00 rad,-0.00 rad,-77 pixels
8.72 s,-4.17 m,8.77 m,0.48 m,0.10 m/s,0.00 m/s,0.00 m/s,0.00 rad,0.00 rad,-0.00 rad,-77 pixels
8.85 s,-4.16 m,8.77 m,0.48 m,0.10 m/s,0.00 m/s,0.00 m/s,0.00 rad,-0.00 rad,-0.00 rad,-77 pixels
8.98 s,-4.15 m,8.77 m,0.48 m,0.10 m/s,0.01 m/s,0.00 m/s,0.00 rad,-0.01 rad,-0.00 rad,-79 pixels
9.1 s,-4.14 m,8.77 m,0.48 m,0.10 m/s,0.01 m/s,0.00 m/s,0.00 rad,-0.00 rad,-0.00 rad,-78 pixels
9.22 s,-4.13 m,8.78 m,0.48 m,0.10 m/s,0.02 m/s,0.00 m/s,0.00 rad,0.00 rad,-0.00 rad,-76 pixels
9.34 s,-4.12 m,8.78 m,0.48 m,0.10 m/s,0.02 m/s,0.00 m/s,0.00 rad,0.00 rad,-0.00 rad,-75 pixels
9.46 s,-4.11 m,8.78 m,0.48 m,0.10 m/s,0.02 m/s,0.00 m/s,0.00 rad,-0.01 rad,-0.00 rad,-77 pixels
9.59 s,-4.10 m,8.78 m,0.48 m,0.10 m/s,0.03 m/s,0.00 m/s,0.00 rad,-0.01 rad,-0.00 rad,-78 pixels
9.71 s,-4.09 m,8.78 m,0.48 m,0.10 m/s,0.04 m/s,0.00 m/s,0.00 rad,-0.01 rad,-0.00 rad,-76 pixels
9.83 s,-4.08 m,8.79 m,0.48 m,0.10 m/s,0.05 m/s,0.00 m/s,0.00 rad,-0.00 rad,-0.00 rad,-71 pixels
9.95 s,-4.07 m,8.79 m,0.48 m,0.10 m/s,0.06 m/s,0.00 m/s,0.00 rad,-0.01 rad,-0.00 rad,-71 pixels
10.07 s,-4.06 m,8.80 m,0.48 m,0.10 m/s,0.07 m/s,0.00 m/s,0.00 rad,-0.02 rad,-0.00 rad,-72 pixels
10.2 s,-4.06 m,8.80 m,0.48 m,0.10 m/s,0.09 m/s,0.00 m/s,0.00 rad,-0.02 rad,-0.00 rad,-70 pixels
10.31 s,-4.05 m,8.82 m,0.48 m,0.10 m/s,0.10 m/s,0.00 m/s,0.00 rad,-0.02 rad,-0.00 rad,-65 pixels
10.43 s,-4.04 m,8.83 m,0.48 m,0.10 m/s,0.11 m/s,0.00 m/s,0.00 rad,-0.00 rad,-0.00 rad,-57 pixels
10.55 s,-4.03 m,8.84 m,0.48 m,0.09 m/s,0.11 m/s,0.00 m/s,0.00 rad,-0.00 rad,-0.00 rad,-53 pixels
10.69 s,-4.02 m,8.85 m,0.48 m,0.09 m/s,0.12 m/s,0.00 m/s,0.00 rad,-0.01 rad,-0.00 rad,-51 pixels
10.81 s,-4.01 m,8.86 m,0.48 m,0.09 m/s,0.12 m/s,0.00 m/s,0.00 rad,-0.00 rad,-0.00 rad,-45 pixels
10.94 s,-4.00 m,8.88 m,0.48 m,0.09 m/s,0.12 m/s,0.00 m/s,0.00 rad,0.01 rad,-0.00 rad,-37 pixels
11.11 s,-3.99 m,8.89 m,0.48 m,0.09 m/s,0.11 m/s,0.00 m/s,0.00 rad,0.01 rad,-0.00 rad,-33 pixels
11.23 s,-3.98 m,8.90 m,0.48 m,0.09 m/s,0.10 m/s,0.00 m/s,0.00 rad,0.01 rad,-0.00 rad,-29 pixels
11.35 s,-3.97 m,8.91 m,0.48 m,0.10 m/s,0.09 m/s,0.00 m/s,0.00 rad,0.01 rad,-0.00 rad,-26 pixels
11.47 s,-3.96 m,8.92 m,0.48 m,0.10 m/s,0.08 m/s,0.00 m/s,0.00 rad,0.00 rad,-0.00 rad,-24 pixels
11.6 s,-3.95 m,8.93 m,0.48 m,0.10 m/s,0.08 m/s,0.00 m/s,0.00 rad,0.01 rad,-0.00 rad,-20 pixels
11.72 s,-3.94 m,8.94 m,0.48 m,0.10 m/s,0.07 m/s,0.00 m/s,0.00 rad,0.01 rad,-0.00 rad,-16 pixels
11.84 s,-3.93 m,8.94 m,0.48 m,0.10 m/s,0.05 m/s,0.00 m/s,0.00 rad,0.01 rad,-0.00 rad,-13 pixels
11.95 s,-3.92 m,8.95 m,0.48 m,0.10 m/s,0.04 m/s,0.00 m/s,0.00 rad,0.01 rad,-0.00 rad,-12 pixels
12.07 s,-3.91 m,8.95 m,0.48 m,0.10 m/s,0.03 m/s,0.00 m/s,0.00 rad,0.01 rad,-0.00 rad,-11 pixels
12.19 s,-3.90 m,8.95 m,0.48 m,0.10 m/s,0.02 m/s,0.00 m/s,0.00 rad,0.01 rad,-0.00 rad,-10 pixels
12.31 s,-3.89 m,8.95 m,0.48 m,0.10 m/s,0.02 m/s,0.00 m/s,0.00 rad,0.01 rad,-0.00 rad,-9 pixels
12.43 s,-3.88 m,8.96 m,0.48 m,0.10 m/s,0.01 m/s,0.00 m/s,0.00 rad,0.01 rad,-0.00 rad,-8 pixels
12.55 s,-3.87 m,8.96 m,0.48 m,0.10 m/s,-0.00 m/s,0.00 m/s,0.00 rad,0.01 rad,-0.00 rad,-8 pixels
12.75 s,-3.85 m,8.95 m,0.48 m,0.11 m/s,-0.01 m/s,0.00 m/s,0.00 rad,0.01 rad,-0.00 rad,-9 pixels
12.87 s,-3.84 m,8.95 m,0.48 m,0.11 m/s,-0.02 m/s,0.00 m/s,0.00 rad,0.01 rad,-0.00 rad,-10 pixels
12.99 s,-3.83 m,8.95 m,0.48 m,0.11 m/s,-0.02 m/s,0.00 m/s,0.00 rad,0.01 rad,-0.00 rad,-11 pixels
13.11 s,-3.82 m,8.95 m,0.48 m,0.11 m/s,-0.03 m/s,0.00 m/s,0.00 rad,0.00 rad,-0.00 rad,-12 pixels
13.23 s,-3.81 m,8.94 m,0.48 m,0.10 m/s,-0.03 m/s,0.00 m/s,0.00 rad,0.00 rad,-0.00 rad,-13 pixels
13.35 s,-3.80 m,8.94 m,0.48 m,0.10 m/s,-0.03 m/s,0.00 m/s,0.00 rad,0.00 rad,-0.00 rad,-14 pixels
13.48 s,-3.79 m,8.94 m,0.48 m,0.10 m/s,-0.02 m/s,0.00 m/s,0.00 rad,-0.00 rad,-0.00 rad,-16 pixels
13.61 s,-3.78 m,8.93 m,0.48 m,0.10 m/s,-0.02 m/s,0.00 m/s,0.00 rad,-0.00 rad,-0.00 rad,-18 pixels
13.73 s,-3.77 m,8.93 m,0.48 m,0.10 m/s,-0.02 m/s,0.00 m/s,0.00 rad,-0.00 rad,-0.00 rad,-18 pixels
13.85 s,-3.76 m,8.93 m,0.48 m,0.10 m/s,-0.02 m/s,0.00 m/s,0.00 rad,-0.00 rad,-0.00 rad,-18 pixels
13.97 s,-3.75 m,8.93 m,0.48 m,0.10 m/s,-0.01 m/s,0.00 m/s,0.00 rad,-0.01 rad,-0.00 rad,-20 pixels
14.08 s,-3.74 m,8.93 m,0.48 m,0.10 m/s,-0.00 m/s,0.00 m/s,0.00 rad,-0.01 rad,-0.00 rad,-21 pixels
14.2 s,-3.73 m,8.93 m,0.48 m,0.10 m/s,0.00 m/s,0.00 m/s,0.00 rad,-0.01 rad,-0.00 rad,-22 pixels
14.32 s,-3.72 m,8.93 m,0.48 m,0.10 m/s,0.01 m/s,0.00 m/s,0.00 rad,-0.00 rad,-0.00 rad,-21 pixels
14.44 s,-3.71 m,8.93 m,0.48 m,0.10 m/s,0.01 m/s,0.00 m/s,0.00 rad,0.00 rad,-0.00 rad,-19 pixels
14.55 s,-3.70 m,8.93 m,0.48 m,0.10 m/s,0.01 m/s,0.00 m/s,0.00 rad,0.00 rad,-0.00 rad,-18 pixels
14.67 s,-3.69 m,8.93 m,0.48 m,0.10 m/s,0.01 m/s,0.00 m/s,0.00 rad,-0.00 rad,-0.00 rad,-19 pixels
14.79 s,-3.68 m,8.93 m,0.48 m,0.10 m/s,0.02 m/s,0.00 m/s,0.00 rad,-0.01 rad,-0.00 rad,-19 pixels
14.91 s,-3.67 m,8.94 m,0.48 m,0.10 m/s,0.02 m/s,0.00 m/s,0.00 rad,-0.00 rad,-0.00 rad,-19 pixels
15.03 s,-3.66 m,8.94 m,0.48 m,0.10 m/s,0.02 m/s,0.00 m/s,0.00 rad,0.00 rad,-0.00 rad,-17 pixels
15.15 s,-3.66 m,8.94 m,0.48 m,0.10 m/s,0.02 m/s,0.00 m/s,0.00 rad,0.00 rad,-0.00 rad,-15 pixels
15.27 s,-3.65 m,8.94 m,0.48 m,0.10 m/s,0.02 m/s,0.00 m/s,0.00 rad,0.00 rad,-0.00 rad,-14 pixels
15.39 s,-3.64 m,8.94 m,0.48 m,0.10 m/s,0.02 m/s,0.00 m/s,0.00 rad,-0.00 rad,-0.00 rad,-15 pixels
15.51 s,-3.63 m,8.95 m,0.49 m,0.10 m/s,0.02 m/s,0.00 m/s,0.00 rad,-0.00 rad,-0.00 rad,-14 pixels
15.65 s,-3.62 m,8.95 m,0.49 m,0.10 m/s,0.02 m/s,0.00 m/s,0.00 rad,0.00 rad,-0.00 rad,-13 pixels
15.78 s,-3.61 m,8.95 m,0.49 m,0.10 m/s,0.02 m/s,0.00 m/s,0.00 rad,0.00 rad,-0.00 rad,-12 pixels
15.9 s,-3.60 m,8.95 m,0.49 m,0.10 m/s,0.02 m/s,0.00 m/s,0.00 rad,0.00 rad,-0.00 rad,-11 pixels
16.02 s,-3.59 m,8.95 m,0.49 m,0.10 m/s,0.02 m/s,0.00 m/s,0.00 rad,0.00 rad,-0.00 rad,-11 pixels
16.15 s,-3.58 m,8.96 m,0.49 m,0.10 m/s,0.02 m/s,0.00 m/s,0.00 rad,0.00 rad,-0.00 rad,-9 pixels
16.28 s,-3.57 m,8.96 m,0.49 m,0.10 m/s,0.01 m/s,0.00 m/s,0.00 rad,0.00 rad,-0.00 rad,-8 pixels
16.4 s,-3.56 m,8.96 m,0.49 m,0.10 m/s,0.01 m/s,0.00 m/s,0.00 rad,0.00 rad,-0.00 rad,-8 pixels
16.51 s,-3.55 m,8.96 m,0.49 m,0.10 m/s,0.01 m/s,0.00 m/s,0.00 rad,0.00 rad,-0.00 rad,-8 pixels
16.63 s,-3.54 m,8.96 m,0.49 m,0.10 m/s,0.01 m/s,0.00 m/s,0.00 rad,0.00 rad,-0.00 rad,-7 pixels
16.75 s,-3.53 m,8.96 m,0.49 m,0.10 m/s,0.00 m/s,0.00 m/s,0.00 rad,0.00 rad,-0.00 rad,-7 pixels
16.86 s,-3.52 m,8.96 m,0.49 m,0.10 m/s,0.00 m/s,0.00 m/s,0.00 rad,0.00 rad,-0.00 rad,-7 pixels
16.99 s,-3.51 m,8.96 m,0.49 m,0.10 m/s,-0.00 m/s,0.00 m/s,0.00 rad,0.00 rad,-0.00 rad,-7 pixels
17.1 s,-3.50 m,8.96 m,0.49 m,0.10 m/s,-0.00 m/s,0.00 m/s,0.00 rad,0.00 rad,-0.00 rad,-7 pixels
17.22 s,-3.49 m,8.96 m,0.49 m,0.10 m/s,-0.00 m/s,0.00 m/s,0.00 rad,0.00 rad,-0.00 rad,-8 pixels
17.34 s,-3.48 m,8.96 m,0.49 m,0.10 m/s,-0.00 m/s,0.00 m/s,0.00 rad,0.00 rad,-0.00 rad,-8 pixels
17.45 s,-3.47 m,8.96 m,0.49 m,0.10 m/s,-0.00 m/s,0.00 m/s,0.00 rad,0.00 rad,-0.00 rad,-8 pixels
17.57 s,-3.46 m,8.96 m,0.49 m,0.10 m/s,-0.01 m/s,0.00 m/s,0.00 rad,0.00 rad,-0.00 rad,-8 pixels
17.7 s,-3.45 m,8.96 m,0.49 m,0.10 m/s,-0.01 m/s,0.00 m/s,0.00 rad,0.00 rad,-0.00 rad,-8 pixels
17.82 s,-3.43 m,8.96 m,0.49 m,0.10 m/s,-0.01 m/s,0.00 m/s,0.00 rad,0.00 rad,-0.00 rad,-9 pixels
17.94 s,-3.42 m,8.96 m,0.49 m,0.10 m/s,-0.01 m/s,0.00 m/s,0.00 rad,0.00 rad,-0.00 rad,-9 pixels
18.06 s,-3.41 m,8.96 m,0.49 m,0.10 m/s,-0.01 m/s,0.00 m/s,0.00 rad,0.00 rad,-0.00 rad,-9 pixels
18.17 s,-3.40 m,8.96 m,0.49 m,0.10 m/s,-0.01 m/s,0.00 m/s,0.00 rad,0.00 rad,-0.00 rad,-9 pixels
18.29 s,-3.39 m,8.96 m,0.49 m,0.10 m/s,-0.01 m/s,0.00 m/s,0.00 rad,0.00 rad,-0.00 rad,-10 pixels
18.41 s,-3.38 m,8.95 m,0.49 m,0.10 m/s,-0.01 m/s,0.00 m/s,0.00 rad,0.00 rad,-0.00 rad,-10 pixels
18.53 s,-3.37 m,8.95 m,0.49 m,0.10 m/s,-0.01 m/s,0.00 m/s,0.00 rad,0.00 rad,-0.00 rad,-10 pixels
18.65 s,-3.36 m,8.95 m,0.49 m,0.10 m/s,-0.01 m/s,0.00 m/s,0.00 rad,0.00 rad,-0.00 rad,-10 pixels
18.77 s,-3.35 m,8.95 m,0.49 m,0.10 m/s,-0.00 m/s,0.00 m/s,0.00 rad,0.00 rad,-0.00 rad,-11 pixels
18.89 s,-3.34 m,8.95 m,0.49 m,0.10 m/s,-0.00 m/s,0.00 m/s,0.00 rad,-0.00 rad,-0.00 rad,-11 pixels
19.0 s,-3.33 m,8.95 m,0.49 m,0.10 m/s,0.00 m/s,0.00 m/s,0.00 rad,-0.00 rad,-0.00 rad,-11 pixels
19.13 s,-3.32 m,8.95 m,0.49 m,0.10 m/s,0.00 m/s,0.00 m/s,0.00 rad,-0.00 rad,-0.00 rad,-11 pixels
19.24 s,-3.31 m,8.95 m,0.49 m,0.10 m/s,0.01 m/s,0.00 m/s,0.00 rad,-0.00 rad,-0.00 rad,-12 pixels
19.36 s,-3.30 m,8.95 m,0.49 m,0.10 m/s,0.01 m/s,0.00 m/s,0.00 rad,0.00 rad,-0.00 rad,-12 pixels
19.48 s,-3.29 m,8.96 m,0.49 m,0.10 m/s,0.01 m/s,0.00 m/s,0.00 rad,0.00 rad,-0.00 rad,-12 pixels
19.6 s,-3.28 m,8.96 m,0.49 m,0.10 m/s,0.01 m/s,0.00 m/s,0.00 rad,-0.00 rad,-0.00 rad,-11 pixels
19.72 s,-3.27 m,8.96 m,0.49 m,0.10 m/s,0.01 m/s,0.00 m/s,0.00 rad,-0.00 rad,-0.00 rad,-10 pixels
19.85 s,-3.25 m,8.96 m,0.49 m,0.10 m/s,0.01 m/s,0.00 m/s,0.00 rad,0.00 rad,-0.00 rad,-10 pixels
19.97 s,-3.24 m,8.96 m,0.49 m,0.10 m/s,0.01 m/s,0.00 m/s,0.00 rad,0.00 rad,-0.00 rad,-11 pixels
20.09 s,-3.23 m,8.96 m,0.49 m,0.10 m/s,0.01 m/s,0.00 m/s,0.00 rad,0.00 rad,-0.00 rad,-10 pixels
20.22 s,-3.22 m,8.96 m,0.49 m,0.10 m/s,0.01 m/s,0.00 m/s,0.00 rad,0.00 rad,-0.00 rad,-9 pixels
20.34 s,-3.21 m,8.96 m,0.49 m,0.10 m/s,0.01 m/s,0.00 m/s,0.00 rad,0.00 rad,-0.00 rad,-8 pixels
20.47 s,-3.20 m,8.97 m,0.49 m,0.10 m/s,0.01 m/s,0.00 m/s,0.00 rad,0.00 rad,-0.00 rad,-7 pixels
20.59 s,-3.19 m,8.97 m,0.49 m,0.10 m/s,0.01 m/s,0.00 m/s,0.00 rad,0.00 rad,-0.00 rad,-7 pixels
20.71 s,-3.18 m,8.97 m,0.49 m,0.10 m/s,0.00 m/s,0.00 m/s,0.00 rad,0.00 rad,-0.00 rad,-7 pixels
20.83 s,-3.17 m,8.97 m,0.49 m,0.10 m/s,0.00 m/s,0.00 m/s,0.00 rad,0.00 rad,-0.00 rad,-6 pixels
20.96 s,-3.16 m,8.97 m,0.49 m,0.10 m/s,-0.00 m/s,0.00 m/s,0.00 rad,0.00 rad,-0.00 rad,-6 pixels
21.08 s,-3.15 m,8.97 m,0.49 m,0.10 m/s,-0.00 m/s,0.00 m/s,0.00 rad,0.00 rad,-0.00 rad,-6 pixels
21.2 s,-3.14 m,8.97 m,0.49 m,0.10 m/s,-0.00 m/s,0.00 m/s,0.00 rad,0.00 rad,-0.00 rad,-6 pixels
21.32 s,-3.13 m,8.97 m,0.49 m,0.10 m/s,-0.00 m/s,0.00 m/s,0.00 rad,0.00 rad,-0.00 rad,-6 pixels
21.44 s,-3.12 m,8.97 m,0.49 m,0.10 m/s,-0.00 m/s,0.00 m/s,0.00 rad,0.00 rad,-0.00 rad,-6 pixels
21.56 s,-3.11 m,8.97 m,0.49 m,0.10 m/s,-0.00 m/s,0.00 m/s,0.00 rad,0.00 rad,-0.00 rad,-6 pixels
21.68 s,-3.10 m,8.96 m,0.49 m,0.10 m/s,-0.00 m/s,0.00 m/s,0.00 rad,0.00 rad,-0.00 rad,-6 pixels
21.8 s,-3.08 m,8.96 m,0.49 m,0.10 m/s,-0.00 m/s,0.00 m/s,0.00 rad,0.00 rad,-0.00 rad,-6 pixels
21.91 s,-3.08 m,8.96 m,0.49 m,0.10 m/s,-0.00 m/s,0.00 m/s,0.00 rad,0.00 rad,-0.00 rad,-6 pixels
22.03 s,-3.06 m,8.96 m,0.49 m,0.10 m/s,-0.00 m/s,0.00 m/s,0.00 rad,0.00 rad,-0.00 rad,-6 pixels
22.15 s,-3.05 m,8.96 m,0.49 m,0.10 m/s,-0.00 m/s,0.00 m/s,0.00 rad,0.00 rad,-0.00 rad,-7 pixels
22.27 s,-3.04 m,8.96 m,0.49 m,0.10 m/s,-0.00 m/s,0.00 m/s,0.00 rad,0.00 rad,-0.00 rad,-7 pixels
22.39 s,-3.03 m,8.96 m,0.49 m,0.10 m/s,-0.00 m/s,0.00 m/s,0.00 rad,0.00 rad,-0.00 rad,-7 pixels
22.51 s,-3.02 m,8.96 m,0.49 m,0.10 m/s,-0.00 m/s,0.00 m/s,0.00 rad,0.00 rad,-0.00 rad,-7 pixels
22.64 s,-3.01 m,8.96 m,0.49 m,0.10 m/s,-0.00 m/s,0.00 m/s,0.00 rad,0.00 rad,-0.00 rad,-7 pixels
22.76 s,-3.00 m,8.96 m,0.49 m,0.10 m/s,-0.00 m/s,-0.00 m/s,0.00 rad,0.00 rad,-0.00 rad,-7 pixels
22.88 s,-2.99 m,8.96 m,0.49 m,0.10 m/s,-0.00 m/s,0.00 m/s,0.00 rad,0.00 rad,-0.00 rad,-8 pixels
23.0 s,-2.98 m,8.96 m,0.49 m,0.10 m/s,-0.00 m/s,-0.00 m/s,0.00 rad,0.00 rad,-0.00 rad,-8 pixels
23.12 s,-2.97 m,8.96 m,0.49 m,0.10 m/s,-0.00 m/s,0.00 m/s,0.00 rad,0.00 rad,-0.00 rad,-8 pixels
23.24 s,-2.96 m,8.96 m,0.49 m,0.10 m/s,-0.00 m/s,-0.00 m/s,0.00 rad,0.00 rad,-0.00 rad,-8 pixels
23.36 s,-2.95 m,8.96 m,0.49 m,0.10 m/s,-0.00 m/s,0.00 m/s,0.00 rad,0.00 rad,-0.00 rad,-8 pixels
23.48 s,-2.94 m,8.96 m,0.49 m,0.10 m/s,-0.00 m/s,0.00 m/s,0.00 rad,0.00 rad,-0.00 rad,-8 pixels
23.6 s,-2.93 m,8.96 m,0.49 m,0.10 m/s,-0.00 m/s,0.00 m/s,0.00 rad,0.00 rad,-0.00 rad,-8 pixels
23.73 s,-2.91 m,8.96 m,0.49 m,0.10 m/s,-0.00 m/s,0.00 m/s,0.00 rad,0.00 rad,-0.00 rad,-8 pixels
23.85 s,-2.90 m,8.96 m,0.49 m,0.10 m/s,-0.00 m/s,0.00 m/s,0.00 rad,0.00 rad,-0.00 rad,-8 pixels
23.97 s,-2.89 m,8.96 m,0.49 m,0.10 m/s,-0.00 m/s,0.00 m/s,0.00 rad,0.00 rad,-0.00 rad,-8 pixels
24.09 s,-2.88 m,8.96 m,0.49 m,0.10 m/s,-0.00 m/s,0.00 m/s,0.00 rad,0.00 rad,-0.00 rad,-9 pixels
24.22 s,-2.87 m,8.96 m,0.49 m,0.10 m/s,-0.00 m/s,0.00 m/s,0.00 rad,0.00 rad,-0.00 rad,-9 pixels
24.34 s,-2.86 m,8.96 m,0.49 m,0.10 m/s,-0.00 m/s,0.00 m/s,0.00 rad,0.00 rad,-0.00 rad,-9 pixels
24.45 s,-2.85 m,8.96 m,0.49 m,0.10 m/s,-0.00 m/s,0.00 m/s,0.00 rad,0.00 rad,-0.00 rad,-9 pixels
24.57 s,-2.84 m,8.96 m,0.49 m,0.10 m/s,-0.00 m/s,-0.00 m/s,0.00 rad,0.00 rad,-0.00 rad,-9 pixels
24.7 s,-2.83 m,8.96 m,0.49 m,0.10 m/s,-0.00 m/s,0.00 m/s,0.00 rad,0.00 rad,-0.00 rad,-9 pixels
24.81 s,-2.82 m,8.96 m,0.49 m,0.10 m/s,-0.00 m/s,0.00 m/s,0.00 rad,0.00 rad,-0.00 rad,-9 pixels
24.93 s,-2.81 m,8.96 m,0.49 m,0.10 m/s,-0.00 m/s,0.00 m/s,0.00 rad,0.00 rad,-0.00 rad,-9 pixels
25.09 s,-2.80 m,8.96 m,0.49 m,0.10 m/s,-0.00 m/s,0.00 m/s,0.00 rad,0.00 rad,-0.00 rad,-10 pixels
25.21 s,-2.79 m,8.96 m,0.49 m,0.10 m/s,-0.00 m/s,0.00 m/s,0.00 rad,0.00 rad,-0.00 rad,-10 pixels
25.33 s,-2.77 m,8.96 m,0.49 m,0.10 m/s,-0.00 m/s,0.00 m/s,0.00 rad,0.00 rad,-0.00 rad,-10 pixels
25.46 s,-2.76 m,8.96 m,0.49 m,0.10 m/s,-0.00 m/s,0.00 m/s,0.00 rad,0.00 rad,-0.00 rad,-10 pixels
25.58 s,-2.75 m,8.95 m,0.49 m,0.10 m/s,-0.00 m/s,0.00 m/s,0.00 rad,0.00 rad,-0.00 rad,-10 pixels
25.7 s,-2.74 m,8.95 m,0.49 m,0.10 m/s,-0.00 m/s,0.00 m/s,0.00 rad,0.00 rad,-0.00 rad,-10 pixels
25.82 s,-2.73 m,8.95 m,0.49 m,0.10 m/s,-0.00 m/s,0.00 m/s,0.00 rad,0.00 rad,-0.00 rad,-10 pixels
25.94 s,-2.72 m,8.95 m,0.49 m,0.10 m/s,-0.00 m/s,0.00 m/s,0.00 rad,0.00 rad,-0.00 rad,-10 pixels
26.05 s,-2.71 m,8.95 m,0.49 m,0.10 m/s,-0.00 m/s,0.00 m/s,0.00 rad,0.00 rad,-0.00 rad,-10 pixels
26.17 s,-2.70 m,8.95 m,0.49 m,0.10 m/s,-0.00 m/s,0.00 m/s,0.00 rad,0.00 rad,-0.00 rad,-10 pixels
26.3 s,-2.69 m,8.95 m,0.49 m,0.10 m/s,-0.00 m/s,0.00 m/s,0.00 rad,0.00 rad,-0.00 rad,-10 pixels
26.42 s,-2.68 m,8.95 m,0.49 m,0.10 m/s,-0.00 m/s,0.00 m/s,0.00 rad,0.00 rad,-0.00 rad,-10 pixels
26.53 s,-2.67 m,8.95 m,0.49 m,0.10 m/s,-0.00 m/s,0.00 m/s,0.00 rad,0.00 rad,-0.00 rad,-10 pixels
26.65 s,-2.66 m,8.95 m,0.49 m,0.10 m/s,-0.00 m/s,0.00 m/s,0.00 rad,0.00 rad,-0.00 rad,-10 pixels
26.77 s,-2.65 m,8.95 m,0.49 m,0.10 m/s,-0.00 m/s,0.00 m/s,0.00 rad,0.00 rad,-0.00 rad,-10 pixels
26.89 s,-2.64 m,8.95 m,0.49 m,0.10 m/s,-0.00 m/s,0.00 m/s,0.00 rad,0.00 rad,-0.00 rad,-10 pixels
27.01 s,-2.63 m,8.95 m,0.49 m,0.10 m/s,-0.00 m/s,0.00 m/s,0.00 rad,0.00 rad,-0.00 rad,-10 pixels
27.13 s,-2.62 m,8.95 m,0.49 m,0.10 m/s,-0.00 m/s,0.00 m/s,0.00 rad,0.00 rad,-0.00 rad,-10 pixels
27.24 s,-2.61 m,8.95 m,0.49 m,0.10 m/s,-0.00 m/s,0.00 m/s,0.00 rad,0.00 rad,-0.00 rad,-10 pixels
27.36 s,-2.59 m,8.95 m,0.49 m,0.10 m/s,-0.00 m/s,0.00 m/s,0.00 rad,0.00 rad,-0.00 rad,-10 pixels
27.48 s,-2.58 m,8.95 m,0.49 m,0.10 m/s,-0.00 m/s,0.00 m/s,0.00 rad,0.00 rad,-0.00 rad,-10 pixels
27.6 s,-2.57 m,8.95 m,0.49 m,0.10 m/s,-0.00 m/s,0.00 m/s,0.00 rad,0.00 rad,-0.00 rad,-10 pixels
27.72 s,-2.56 m,8.95 m,0.49 m,0.10 m/s,-0.00 m/s,0.00 m/s,0.00 rad,0.00 rad,-0.00 rad,-11 pixels
27.85 s,-2.55 m,8.95 m,0.49 m,0.10 m/s,-0.00 m/s,0.00 m/s,0.00 rad,-0.00 rad,-0.00 rad,-11 pixels
27.97 s,-2.54 m,8.95 m,0.49 m,0.10 m/s,0.00 m/s,0.00 m/s,0.00 rad,-0.00 rad,-0.00 rad,-10 pixels
28.1 s,-2.53 m,8.95 m,0.49 m,0.10 m/s,0.00 m/s,0.00 m/s,0.00 rad,-0.00 rad,-0.00 rad,-8 pixels
28.22 s,-2.52 m,8.95 m,0.49 m,0.10 m/s,0.00 m/s,0.00 m/s,0.00 rad,0.00 rad,-0.00 rad,-6 pixels
28.34 s,-2.51 m,8.95 m,0.49 m,0.10 m/s,0.00 m/s,0.00 m/s,0.00 rad,0.00 rad,-0.00 rad,-5 pixels
28.46 s,-2.49 m,8.95 m,0.49 m,0.10 m/s,0.00 m/s,0.00 m/s,0.00 rad,0.00 rad,-0.00 rad,-4 pixels
28.57 s,-2.49 m,8.95 m,0.49 m,0.10 m/s,0.00 m/s,0.00 m/s,0.00 rad,0.00 rad,-0.00 rad,-2 pixels
28.6 s,-2.48 m,8.95 m,0.49 m,0.10 m/s,0.00 m/s,0.00 m/s,0.00 rad,0.00 rad,-0.00 rad,-1 pixels
28.63 s,-2.48 m,8.95 m,0.49 m,0.10 m/s,0.00 m/s,0.00 m/s,0.00 rad,0.00 rad,-0.00 rad,1 pixels
28.65 s,-2.48 m,8.95 m,0.49 m,0.10 m/s,0.00 m/s,0.00 m/s,0.00 rad,0.00 rad,-0.00 rad,2 pixels
28.67 s,-2.48 m,8.95 m,0.49 m,0.10 m/s,0.00 m/s,0.00 m/s,0.00 rad,0.00 rad,-0.00 rad,3 pixels
28.69 s,-2.47 m,8.95 m,0.49 m,0.10 m/s,0.00 m/s,0.00 m/s,0.00 rad,0.00 rad,-0.00 rad,5 pixels
28.71 s,-2.47 m,8.95 m,0.49 m,0.10 m/s,0.00 m/s,0.00 m/s,0.00 rad,0.00 rad,-0.00 rad,6 pixels
28.74 s,-2.47 m,8.95 m,0.49 m,0.10 m/s,0.00 m/s,0.00 m/s,0.00 rad,0.00 rad,-0.00 rad,8 pixels
28.76 s,-2.47 m,8.95 m,0.49 m,0.10 m/s,-0.00 m/s,0.00 m/s,0.00 rad,0.00 rad,-0.00 rad,9 pixels
28.78 s,-2.47 m,8.95 m,0.49 m,0.10 m/s,-0.00 m/s,0.00 m/s,0.00 rad,0.00 rad,-0.00 rad,10 pixels
28.81 s,-2.46 m,8.95 m,0.49 m,0.10 m/s,-0.00 m/s,0.00 m/s,0.00 rad,0.00 rad,-0.00 rad,12 pixels
28.84 s,-2.46 m,8.95 m,0.49 m,0.10 m/s,-0.00 m/s,0.00 m/s,0.00 rad,0.00 rad,-0.00 rad,13 pixels
28.91 s,-2.46 m,8.95 m,0.49 m,0.10 m/s,-0.00 m/s,0.00 m/s,0.00 rad,0.00 rad,-0.00 rad,14 pixels
29.02 s,-2.45 m,8.95 m,0.49 m,0.10 m/s,-0.00 m/s,0.00 m/s,0.00 rad,0.00 rad,-0.00 rad,15 pixels
29.14 s,-2.43 m,8.95 m,0.49 m,0.10 m/s,-0.00 m/s,0.00 m/s,0.00 rad,0.00 rad,-0.00 rad,16 pixels
29.26 s,-2.43 m,8.95 m,0.49 m,0.10 m/s,-0.00 m/s,0.00 m/s,0.00 rad,0.00 rad,-0.00 rad,17 pixels
29.37 s,-2.42 m,8.95 m,0.49 m,0.10 m/s,-0.00 m/s,0.00 m/s,0.00 rad,0.00 rad,-0.00 rad,18 pixels
29.49 s,-2.41 m,8.95 m,0.49 m,0.10 m/s,-0.00 m/s,0.00 m/s,0.00 rad,0.00 rad,-0.00 rad,19 pixels
29.6 s,-2.40 m,8.95 m,0.49 m,0.10 m/s,-0.00 m/s,0.00 m/s,0.00 rad,0.00 rad,-0.00 rad,20 pixels
29.72 s,-2.38 m,8.95 m,0.49 m,0.10 m/s,-0.00 m/s,0.00 m/s,0.00 rad,0.00 rad,-0.00 rad,21 pixels
29.81 s,-2.38 m,8.95 m,0.49 m,0.10 m/s,-0.00 m/s,0.00 m/s,0.00 rad,0.00 rad,-0.00 rad,22 pixels
29.92 s,-2.37 m,8.95 m,0.49 m,0.10 m/s,-0.00 m/s,0.00 m/s,0.00 rad,0.00 rad,-0.00 rad,23 pixels
30.03 s,-2.36 m,8.95 m,0.49 m,0.10 m/s,-0.00 m/s,0.00 m/s,0.00 rad,0.00 rad,-0.00 rad,24 pixels
30.14 s,-2.35 m,8.95 m,0.49 m,0.10 m/s,-0.00 m/s,0.00 m/s,0.00 rad,0.00 rad,-0.00 rad,25 pixels
30.24 s,-2.34 m,8.95 m,0.49 m,0.10 m/s,-0.00 m/s,0.00 m/s,0.00 rad,0.00 rad,-0.00 rad,25 pixels
30.37 s,-2.33 m,8.95 m,0.49 m,0.10 m/s,-0.00 m/s,0.00 m/s,0.00 rad,0.00 rad,-0.00 rad,26 pixels
30.47 s,-2.32 m,8.95 m,0.49 m,0.10 m/s,-0.00 m/s,0.00 m/s,0.00 rad,0.00 rad,-0.00 rad,27 pixels
30.49 s,-2.32 m,8.95 m,0.49 m,0.10 m/s,-0.00 m/s,0.00 m/s,0.00 rad,0.00 rad,-0.00 rad,27 pixels
30.59 s,-2.31 m,8.95 m,0.49 m,0.10 m/s,-0.00 m/s,0.00 m/s,0.00 rad,0.00 rad,-0.00 rad,28 pixels
30.7 s,-2.30 m,8.95 m,0.49 m,0.10 m/s,-0.00 m/s,0.00 m/s,0.00 rad,0.00 rad,-0.00 rad,29 pixels
30.81 s,-2.29 m,8.95 m,0.49 m,0.10 m/s,-0.00 m/s,0.00 m/s,0.00 rad,0.00 rad,-0.00 rad,29 pixels
30.95 s,-2.27 m,8.95 m,0.49 m,0.10 m/s,-0.00 m/s,0.00 m/s,0.00 rad,0.00 rad,-0.00 rad,30 pixels
31.04 s,-2.27 m,8.95 m,0.49 m,0.10 m/s,-0.00 m/s,0.00 m/s,0.00 rad,0.00 rad,-0.00 rad,31 pixels
31.15 s,-2.26 m,8.95 m,0.49 m,0.10 m/s,-0.00 m/s,-0.00 m/s,0.00 rad,0.00 rad,-0.00 rad,32 pixels
31.25 s,-2.25 m,8.95 m,0.49 m,0.10 m/s,0.00 m/s,-0.00 m/s,0.00 rad,0.00 rad,-0.00 rad,33 pixels
31.36 s,-2.24 m,8.95 m,0.49 m,0.10 m/s,0.00 m/s,-0.00 m/s,0.00 rad,0.00 rad,-0.00 rad,34 pixels
31.48 s,-2.23 m,8.95 m,0.49 m,0.10 m/s,0.00 m/s,-0.00 m/s,0.00 rad,0.00 rad,-0.00 rad,34 pixels
31.57 s,-2.22 m,8.95 m,0.49 m,0.10 m/s,0.00 m/s,-0.00 m/s,0.00 rad,0.00 rad,-0.00 rad,34 pixels
31.68 s,-2.21 m,8.95 m,0.49 m,0.10 m/s,0.00 m/s,-0.00 m/s,0.00 rad,0.00 rad,-0.00 rad,34 pixels
31.77 s,-2.20 m,8.95 m,0.49 m,0.10 m/s,0.00 m/s,-0.00 m/s,0.00 rad,0.00 rad,-0.00 rad,34 pixels
31.88 s,-2.19 m,8.95 m,0.49 m,0.10 m/s,0.00 m/s,-0.00 m/s,0.00 rad,0.00 rad,-0.00 rad,34 pixels
31.98 s,-2.18 m,8.95 m,0.49 m,0.10 m/s,0.00 m/s,-0.00 m/s,0.00 rad,0.00 rad,-0.00 rad,34 pixels
32.1 s,-2.17 m,8.95 m,0.49 m,0.10 m/s,0.00 m/s,-0.00 m/s,0.00 rad,0.00 rad,-0.00 rad,34 pixels
32.2 s,-2.16 m,8.95 m,0.49 m,0.10 m/s,0.00 m/s,-0.00 m/s,0.00 rad,0.00 rad,-0.00 rad,34 pixels
32.31 s,-2.15 m,8.95 m,0.49 m,0.10 m/s,0.00 m/s,-0.00 m/s,0.00 rad,0.00 rad,-0.00 rad,34 pixels
32.41 s,-2.14 m,8.95 m,0.49 m,0.10 m/s,0.00 m/s,-0.00 m/s,0.00 rad,0.00 rad,-0.00 rad,34 pixels
32.52 s,-2.13 m,8.95 m,0.49 m,0.10 m/s,0.00 m/s,-0.00 m/s,0.00 rad,0.00 rad,-0.00 rad,34 pixels
32.63 s,-2.12 m,8.95 m,0.49 m,0.10 m/s,0.00 m/s,-0.00 m/s,0.00 rad,0.00 rad,-0.00 rad,34 pixels
32.74 s,-2.11 m,8.95 m,0.49 m,0.10 m/s,0.00 m/s,-0.00 m/s,0.00 rad,0.00 rad,-0.00 rad,35 pixels
32.85 s,-2.10 m,8.95 m,0.49 m,0.10 m/s,0.00 m/s,-0.00 m/s,0.00 rad,0.00 rad,-0.00 rad,35 pixels
32.95 s,-2.09 m,8.95 m,0.49 m,0.10 m/s,0.00 m/s,-0.00 m/s,0.00 rad,0.00 rad,-0.00 rad,35 pixels
33.06 s,-2.08 m,8.95 m,0.49 m,0.10 m/s,0.00 m/s,-0.00 m/s,0.00 rad,0.00 rad,-0.00 rad,35 pixels
33.18 s,-2.07 m,8.95 m,0.49 m,0.10 m/s,0.00 m/s,-0.00 m/s,0.00 rad,0.00 rad,-0.00 rad,35 pixels
33.29 s,-2.06 m,8.95 m,0.49 m,0.10 m/s,0.00 m/s,-0.00 m/s,0.00 rad,0.00 rad,-0.00 rad,35 pixels
33.41 s,-2.05 m,8.95 m,0.49 m,0.10 m/s,0.00 m/s,-0.00 m/s,0.00 rad,0.00 rad,-0.00 rad,35 pixels
33.51 s,-2.04 m,8.95 m,0.49 m,0.10 m/s,0.00 m/s,-0.00 m/s,0.00 rad,0.00 rad,-0.00 rad,35 pixels
33.63 s,-2.03 m,8.95 m,0.49 m,0.10 m/s,0.00 m/s,-0.00 m/s,0.00 rad,0.00 rad,-0.00 rad,35 pixels
33.72 s,-2.02 m,8.95 m,0.49 m,0.10 m/s,0.00 m/s,-0.00 m/s,0.00 rad,0.00 rad,-0.00 rad,35 pixels
33.84 s,-2.01 m,8.95 m,0.49 m,0.10 m/s,0.00 m/s,-0.00 m/s,0.00 rad,0.00 rad,-0.00 rad,35 pixels
33.95 s,-2.00 m,8.95 m,0.49 m,0.10 m/s,-0.00 m/s,-0.00 m/s,0.00 rad,0.00 rad,-0.00 rad,35 pixels
34.05 s,-1.99 m,8.95 m,0.49 m,0.10 m/s,-0.00 m/s,-0.00 m/s,0.00 rad,0.00 rad,-0.00 rad,35 pixels
34.17 s,-1.98 m,8.95 m,0.49 m,0.10 m/s,-0.00 m/s,-0.00 m/s,0.00 rad,0.00 rad,-0.00 rad,35 pixels
34.28 s,-1.97 m,8.95 m,0.49 m,0.10 m/s,-0.00 m/s,-0.00 m/s,0.00 rad,0.00 rad,-0.00 rad,35 pixels
34.4 s,-1.96 m,8.95 m,0.49 m,0.10 m/s,-0.00 m/s,-0.00 m/s,0.00 rad,0.00 rad,-0.00 rad,35 pixels
34.51 s,-1.95 m,8.95 m,0.49 m,0.10 m/s,-0.00 m/s,-0.00 m/s,0.00 rad,0.00 rad,-0.00 rad,35 pixels
34.62 s,-1.94 m,8.95 m,0.49 m,0.10 m/s,-0.00 m/s,-0.00 m/s,0.00 rad,0.00 rad,-0.00 rad,35 pixels
34.72 s,-1.93 m,8.95 m,0.49 m,0.10 m/s,-0.00 m/s,-0.00 m/s,0.00 rad,0.00 rad,-0.00 rad,35 pixels
34.83 s,-1.92 m,8.95 m,0.49 m,0.10 m/s,-0.00 m/s,-0.00 m/s,0.00 rad,0.00 rad,-0.00 rad,35 pixels
34.94 s,-1.91 m,8.95 m,0.49 m,0.10 m/s,-0.00 m/s,-0.00 m/s,0.00 rad,0.00 rad,-0.00 rad,34 pixels
35.05 s,-1.90 m,8.95 m,0.49 m,0.10 m/s,-0.00 m/s,-0.00 m/s,0.00 rad,0.00 rad,-0.00 rad,34 pixels
35.15 s,-1.89 m,8.95 m,0.49 m,0.10 m/s,-0.00 m/s,-0.00 m/s,0.00 rad,0.00 rad,-0.00 rad,34 pixels
35.26 s,-1.88 m,8.95 m,0.49 m,0.10 m/s,-0.00 m/s,-0.00 m/s,0.00 rad,0.00 rad,-0.00 rad,34 pixels
35.42 s,-1.87 m,8.95 m,0.49 m,0.10 m/s,-0.00 m/s,-0.00 m/s,0.00 rad,0.00 rad,-0.00 rad,34 pixels
35.5 s,-1.86 m,8.95 m,0.49 m,0.10 m/s,-0.00 m/s,-0.00 m/s,0.00 rad,0.00 rad,-0.00 rad,34 pixels
35.61 s,-1.85 m,8.95 m,0.49 m,0.10 m/s,-0.00 m/s,-0.00 m/s,0.00 rad,0.00 rad,-0.00 rad,34 pixels
35.72 s,-1.84 m,8.95 m,0.49 m,0.10 m/s,-0.00 m/s,-0.00 m/s,0.00 rad,0.00 rad,-0.00 rad,34 pixels
35.83 s,-1.83 m,8.95 m,0.49 m,0.10 m/s,-0.00 m/s,-0.00 m/s,0.00 rad,0.00 rad,-0.00 rad,34 pixels
35.93 s,-1.82 m,8.95 m,0.49 m,0.10 m/s,-0.00 m/s,-0.00 m/s,0.00 rad,0.00 rad,-0.00 rad,34 pixels
36.03 s,-1.81 m,8.95 m,0.49 m,0.10 m/s,-0.00 m/s,-0.00 m/s,0.00 rad,0.00 rad,-0.00 rad,34 pixels
36.14 s,-1.80 m,8.95 m,0.49 m,0.10 m/s,-0.00 m/s,-0.00 m/s,0.00 rad,0.00 rad,-0.00 rad,34 pixels
36.25 s,-1.79 m,8.95 m,0.49 m,0.10 m/s,-0.00 m/s,-0.00 m/s,0.00 rad,0.00 rad,-0.00 rad,33 pixels
36.37 s,-1.78 m,8.95 m,0.49 m,0.10 m/s,-0.00 m/s,-0.00 m/s,0.00 rad,0.00 rad,-0.00 rad,32 pixels
36.47 s,-1.77 m,8.95 m,0.49 m,0.10 m/s,-0.00 m/s,-0.00 m/s,0.00 rad,0.00 rad,-0.00 rad,31 pixels
36.57 s,-1.76 m,8.95 m,0.49 m,0.10 m/s,-0.00 m/s,-0.00 m/s,0.00 rad,0.00 rad,-0.00 rad,30 pixels
36.69 s,-1.75 m,8.95 m,0.49 m,0.10 m/s,-0.00 m/s,-0.00 m/s,0.00 rad,0.00 rad,-0.00 rad,29 pixels
36.8 s,-1.74 m,8.95 m,0.49 m,0.10 m/s,-0.00 m/s,-0.00 m/s,0.00 rad,0.00 rad,-0.00 rad,28 pixels
36.92 s,-1.73 m,8.95 m,0.49 m,0.10 m/s,-0.00 m/s,-0.00 m/s,0.00 rad,0.00 rad,-0.00 rad,27 pixels
37.01 s,-1.72 m,8.95 m,0.49 m,0.10 m/s,-0.00 m/s,-0.00 m/s,0.00 rad,0.00 rad,-0.00 rad,26 pixels
37.13 s,-1.71 m,8.95 m,0.49 m,0.10 m/s,-0.00 m/s,-0.00 m/s,0.00 rad,0.00 rad,-0.00 rad,26 pixels
37.24 s,-1.70 m,8.95 m,0.49 m,0.10 m/s,-0.00 m/s,-0.00 m/s,0.00 rad,0.00 rad,-0.00 rad,25 pixels
37.35 s,-1.69 m,8.95 m,0.49 m,0.10 m/s,-0.00 m/s,-0.00 m/s,0.00 rad,0.00 rad,-0.00 rad,24 pixels
37.46 s,-1.68 m,8.95 m,0.49 m,0.10 m/s,-0.00 m/s,-0.00 m/s,0.00 rad,0.00 rad,-0.00 rad,23 pixels
37.57 s,-1.67 m,8.95 m,0.49 m,0.10 m/s,-0.00 m/s,-0.00 m/s,0.00 rad,0.00 rad,-0.00 rad,22 pixels
37.68 s,-1.66 m,8.95 m,0.49 m,0.10 m/s,-0.00 m/s,-0.00 m/s,0.00 rad,0.00 rad,-0.00 rad,21 pixels
37.8 s,-1.65 m,8.95 m,0.49 m,0.10 m/s,-0.00 m/s,-0.00 m/s,0.00 rad,0.00 rad,-0.00 rad,20 pixels
37.91 s,-1.64 m,8.95 m,0.49 m,0.10 m/s,-0.00 m/s,-0.00 m/s,0.00 rad,0.00 rad,-0.00 rad,19 pixels
38.03 s,-1.63 m,8.95 m,0.49 m,0.10 m/s,-0.00 m/s,-0.00 m/s,0.00 rad,0.00 rad,-0.00 rad,18 pixels
38.14 s,-1.62 m,8.95 m,0.49 m,0.10 m/s,-0.00 m/s,-0.00 m/s,0.00 rad,0.00 rad,-0.00 rad,17 pixels
38.25 s,-1.61 m,8.95 m,0.49 m,0.10 m/s,-0.00 m/s,-0.00 m/s,0.00 rad,0.00 rad,-0.00 rad,15 pixels
38.37 s,-1.60 m,8.95 m,0.49 m,0.10 m/s,-0.00 m/s,-0.00 m/s,0.00 rad,0.00 rad,-0.00 rad,14 pixels
38.47 s,-1.59 m,8.95 m,0.49 m,0.10 m/s,-0.00 m/s,-0.00 m/s,0.00 rad,0.00 rad,-0.00 rad,13 pixels
38.59 s,-1.58 m,8.95 m,0.49 m,0.10 m/s,-0.00 m/s,-0.00 m/s,0.00 rad,0.00 rad,-0.00 rad,12 pixels
38.71 s,-1.57 m,8.95 m,0.49 m,0.10 m/s,-0.00 m/s,-0.00 m/s,0.00 rad,0.00 rad,-0.00 rad,11 pixels
38.82 s,-1.56 m,8.95 m,0.49 m,0.10 m/s,-0.00 m/s,-0.00 m/s,0.00 rad,0.00 rad,-0.00 rad,10 pixels
38.92 s,-1.55 m,8.95 m,0.49 m,0.10 m/s,-0.00 m/s,-0.00 m/s,0.00 rad,0.00 rad,-0.00 rad,8 pixels
39.02 s,-1.54 m,8.95 m,0.49 m,0.10 m/s,-0.00 m/s,-0.00 m/s,0.00 rad,0.00 rad,-0.00 rad,7 pixels
39.14 s,-1.53 m,8.94 m,0.49 m,0.10 m/s,-0.00 m/s,-0.00 m/s,0.00 rad,0.00 rad,-0.00 rad,6 pixels
39.23 s,-1.53 m,8.94 m,0.49 m,0.10 m/s,-0.00 m/s,-0.00 m/s,0.00 rad,0.00 rad,-0.00 rad,4 pixels
39.34 s,-1.52 m,8.94 m,0.49 m,0.10 m/s,-0.00 m/s,-0.00 m/s,0.00 rad,0.00 rad,-0.00 rad,3 pixels
39.46 s,-1.51 m,8.94 m,0.49 m,0.10 m/s,-0.00 m/s,-0.00 m/s,0.00 rad,0.00 rad,-0.00 rad,2 pixels
39.56 s,-1.50 m,8.94 m,0.48 m,0.10 m/s,-0.00 m/s,-0.00 m/s,0.00 rad,0.00 rad,-0.00 rad,0 pixels
39.66 s,-1.49 m,8.94 m,0.48 m,0.10 m/s,-0.00 m/s,-0.00 m/s,0.00 rad,0.00 rad,-0.00 rad,-1 pixels
39.78 s,-1.48 m,8.94 m,0.48 m,0.10 m/s,-0.00 m/s,-0.00 m/s,0.00 rad,0.00 rad,-0.00 rad,-3 pixels
39.89 s,-1.47 m,8.94 m,0.48 m,0.10 m/s,-0.00 m/s,-0.00 m/s,0.00 rad,0.00 rad,-0.00 rad,-4 pixels
39.99 s,-1.46 m,8.94 m,0.48 m,0.10 m/s,-0.00 m/s,-0.00 m/s,0.00 rad,0.00 rad,-0.00 rad,-6 pixels
40.1 s,-1.45 m,8.94 m,0.48 m,0.10 m/s,-0.00 m/s,-0.00 m/s,0.00 rad,0.00 rad,-0.00 rad,-8 pixels
40.21 s,-1.44 m,8.94 m,0.48 m,0.10 m/s,-0.00 m/s,-0.00 m/s,0.00 rad,0.00 rad,-0.00 rad,-9 pixels
40.32 s,-1.43 m,8.94 m,0.48 m,0.10 m/s,-0.00 m/s,-0.00 m/s,0.00 rad,0.00 rad,-0.00 rad,-11 pixels
40.43 s,-1.42 m,8.94 m,0.48 m,0.10 m/s,-0.00 m/s,-0.00 m/s,0.00 rad,0.00 rad,-0.00 rad,-13 pixels
40.53 s,-1.41 m,8.94 m,0.48 m,0.10 m/s,-0.00 m/s,-0.00 m/s,0.00 rad,0.00 rad,-0.00 rad,-15 pixels
40.64 s,-1.40 m,8.94 m,0.48 m,0.10 m/s,-0.00 m/s,-0.00 m/s,0.00 rad,0.00 rad,-0.00 rad,-15 pixels
40.75 s,-1.39 m,8.94 m,0.48 m,0.10 m/s,-0.00 m/s,-0.00 m/s,0.00 rad,0.00 rad,-0.00 rad,-15 pixels
40.87 s,-1.38 m,8.94 m,0.48 m,0.10 m/s,-0.00 m/s,-0.00 m/s,0.00 rad,0.00 rad,-0.00 rad,-15 pixels
40.99 s,-1.37 m,8.94 m,0.48 m,0.10 m/s,-0.00 m/s,-0.00 m/s,0.00 rad,0.00 rad,-0.00 rad,-15 pixels
41.11 s,-1.36 m,8.94 m,0.48 m,0.10 m/s,-0.00 m/s,-0.00 m/s,0.00 rad,-0.00 rad,-0.00 rad,-15 pixels
41.23 s,-1.34 m,8.94 m,0.48 m,0.10 m/s,0.00 m/s,-0.00 m/s,0.00 rad,-0.00 rad,-0.00 rad,-17 pixels
41.36 s,-1.33 m,8.94 m,0.48 m,0.10 m/s,0.01 m/s,-0.00 m/s,0.00 rad,-0.00 rad,-0.00 rad,-17 pixels
41.48 s,-1.32 m,8.94 m,0.48 m,0.10 m/s,0.01 m/s,-0.00 m/s,0.00 rad,-0.00 rad,-0.00 rad,-16 pixels
41.6 s,-1.31 m,8.94 m,0.48 m,0.10 m/s,0.01 m/s,-0.00 m/s,0.00 rad,0.00 rad,-0.00 rad,-15 pixels
41.73 s,-1.30 m,8.95 m,0.48 m,0.10 m/s,0.02 m/s,-0.00 m/s,0.00 rad,-0.00 rad,-0.00 rad,-14 pixels
41.84 s,-1.29 m,8.95 m,0.48 m,0.10 m/s,0.02 m/s,-0.00 m/s,0.00 rad,-0.00 rad,-0.00 rad,-14 pixels
41.96 s,-1.28 m,8.95 m,0.48 m,0.10 m/s,0.02 m/s,-0.00 m/s,0.00 rad,0.00 rad,-0.00 rad,-13 pixels
42.08 s,-1.27 m,8.95 m,0.48 m,0.10 m/s,0.02 m/s,-0.00 m/s,0.00 rad,0.00 rad,-0.00 rad,-12 pixels
42.2 s,-1.26 m,8.96 m,0.48 m,0.10 m/s,0.02 m/s,-0.00 m/s,0.00 rad,0.00 rad,-0.00 rad,-11 pixels
42.32 s,-1.25 m,8.96 m,0.48 m,0.10 m/s,0.02 m/s,-0.00 m/s,0.00 rad,0.00 rad,-0.00 rad,-9 pixels
42.44 s,-1.23 m,8.96 m,0.48 m,0.10 m/s,0.01 m/s,-0.00 m/s,0.00 rad,0.00 rad,-0.00 rad,-9 pixels
42.55 s,-1.22 m,8.96 m,0.48 m,0.10 m/s,0.01 m/s,-0.00 m/s,0.00 rad,0.00 rad,-0.00 rad,-9 pixels
42.67 s,-1.21 m,8.96 m,0.48 m,0.10 m/s,0.01 m/s,-0.00 m/s,0.00 rad,0.00 rad,-0.00 rad,-8 pixels
42.79 s,-1.20 m,8.96 m,0.48 m,0.10 m/s,0.01 m/s,-0.00 m/s,0.00 rad,0.00 rad,-0.00 rad,-7 pixels
42.91 s,-1.19 m,8.96 m,0.48 m,0.10 m/s,0.00 m/s,-0.00 m/s,0.00 rad,0.00 rad,-0.00 rad,-7 pixels
43.03 s,-1.18 m,8.96 m,0.48 m,0.10 m/s,0.00 m/s,-0.00 m/s,0.00 rad,0.00 rad,-0.00 rad,-7 pixels
43.15 s,-1.17 m,8.96 m,0.48 m,0.10 m/s,-0.00 m/s,-0.00 m/s,0.00 rad,0.00 rad,-0.00 rad,-7 pixels
43.27 s,-1.16 m,8.96 m,0.48 m,0.10 m/s,-0.00 m/s,-0.00 m/s,0.00 rad,0.00 rad,-0.00 rad,-7 pixels
43.39 s,-1.15 m,8.96 m,0.48 m,0.10 m/s,-0.00 m/s,-0.00 m/s,0.00 rad,0.00 rad,-0.00 rad,-7 pixels
43.51 s,-1.14 m,8.96 m,0.48 m,0.10 m/s,-0.00 m/s,-0.00 m/s,0.00 rad,0.00 rad,-0.00 rad,-7 pixels
43.64 s,-1.12 m,8.96 m,0.48 m,0.10 m/s,-0.01 m/s,-0.00 m/s,0.00 rad,0.00 rad,-0.00 rad,-7 pixels
43.77 s,-1.11 m,8.96 m,0.48 m,0.10 m/s,-0.01 m/s,-0.00 m/s,0.00 rad,0.00 rad,-0.00 rad,-8 pixels
43.88 s,-1.10 m,8.96 m,0.48 m,0.10 m/s,-0.01 m/s,-0.00 m/s,0.00 rad,0.00 rad,-0.00 rad,-8 pixels
44.0 s,-1.09 m,8.96 m,0.48 m,0.10 m/s,-0.01 m/s,-0.00 m/s,0.00 rad,0.00 rad,-0.00 rad,-8 pixels
44.12 s,-1.08 m,8.96 m,0.48 m,0.10 m/s,-0.01 m/s,-0.00 m/s,0.00 rad,0.00 rad,-0.00 rad,-8 pixels
44.24 s,-1.07 m,8.96 m,0.48 m,0.10 m/s,-0.01 m/s,-0.00 m/s,0.00 rad,0.00 rad,-0.00 rad,-8 pixels
44.36 s,-1.06 m,8.96 m,0.48 m,0.10 m/s,-0.01 m/s,-0.00 m/s,0.00 rad,0.00 rad,-0.00 rad,-9 pixels
44.48 s,-1.05 m,8.96 m,0.48 m,0.10 m/s,-0.01 m/s,-0.00 m/s,0.00 rad,0.00 rad,-0.00 rad,-9 pixels
44.6 s,-1.04 m,8.96 m,0.48 m,0.10 m/s,-0.01 m/s,-0.00 m/s,0.00 rad,0.00 rad,-0.00 rad,-9 pixels
44.72 s,-1.03 m,8.96 m,0.48 m,0.10 m/s,-0.01 m/s,-0.00 m/s,0.00 rad,0.00 rad,-0.00 rad,-9 pixels
44.84 s,-1.02 m,8.95 m,0.48 m,0.10 m/s,-0.01 m/s,-0.00 m/s,0.00 rad,0.00 rad,-0.00 rad,-10 pixels
44.96 s,-1.01 m,8.95 m,0.48 m,0.10 m/s,-0.00 m/s,-0.00 m/s,0.00 rad,0.00 rad,-0.00 rad,-10 pixels
45.07 s,-1.00 m,8.95 m,0.48 m,0.10 m/s,-0.00 m/s,-0.00 m/s,0.00 rad,0.00 rad,-0.00 rad,-10 pixels
45.19 s,-0.99 m,8.95 m,0.48 m,0.10 m/s,-0.00 m/s,-0.00 m/s,0.00 rad,0.00 rad,-0.00 rad,-10 pixels
45.31 s,-0.98 m,8.95 m,0.48 m,0.10 m/s,-0.00 m/s,-0.00 m/s,0.00 rad,0.00 rad,-0.00 rad,-11 pixels
45.43 s,-0.97 m,8.95 m,0.48 m,0.10 m/s,-0.00 m/s,-0.00 m/s,0.00 rad,-0.00 rad,-0.00 rad,-11 pixels
45.55 s,-0.96 m,8.95 m,0.48 m,0.10 m/s,0.00 m/s,-0.00 m/s,0.00 rad,-0.00 rad,-0.00 rad,-11 pixels
45.67 s,-0.95 m,8.95 m,0.48 m,0.10 m/s,0.01 m/s,-0.00 m/s,0.00 rad,-0.00 rad,-0.00 rad,-11 pixels
45.78 s,-0.94 m,8.95 m,0.48 m,0.09 m/s,0.01 m/s,-0.00 m/s,0.00 rad,-0.00 rad,-0.01 rad,-11 pixels
45.9 s,-0.93 m,8.96 m,0.48 m,0.09 m/s,0.01 m/s,-0.00 m/s,0.00 rad,0.00 rad,-0.01 rad,-12 pixels
46.02 s,-0.92 m,8.96 m,0.48 m,0.09 m/s,0.01 m/s,-0.00 m/s,0.00 rad,0.00 rad,-0.01 rad,-12 pixels
46.14 s,-0.91 m,8.96 m,0.48 m,0.09 m/s,0.01 m/s,0.00 m/s,0.00 rad,-0.00 rad,-0.01 rad,-12 pixels
46.27 s,-0.90 m,8.96 m,0.48 m,0.09 m/s,0.02 m/s,0.00 m/s,0.00 rad,-0.00 rad,-0.01 rad,-11 pixels
46.39 s,-0.89 m,8.96 m,0.48 m,0.09 m/s,0.02 m/s,0.00 m/s,0.00 rad,-0.00 rad,-0.01 rad,-10 pixels
46.51 s,-0.88 m,8.96 m,0.48 m,0.10 m/s,0.02 m/s,0.00 m/s,0.00 rad,0.00 rad,-0.01 rad,-10 pixels
46.63 s,-0.87 m,8.96 m,0.48 m,0.10 m/s,0.02 m/s,0.00 m/s,0.00 rad,0.00 rad,-0.01 rad,-10 pixels
46.76 s,-0.86 m,8.97 m,0.48 m,0.10 m/s,0.01 m/s,0.00 m/s,0.00 rad,0.00 rad,-0.01 rad,-10 pixels
46.89 s,-0.85 m,8.97 m,0.48 m,0.10 m/s,0.01 m/s,0.00 m/s,0.00 rad,0.00 rad,-0.01 rad,-8 pixels
47.02 s,-0.84 m,8.97 m,0.48 m,0.10 m/s,0.01 m/s,0.00 m/s,0.00 rad,0.00 rad,-0.01 rad,-7 pixels
47.14 s,-0.83 m,8.97 m,0.48 m,0.10 m/s,0.01 m/s,0.00 m/s,0.00 rad,0.00 rad,-0.01 rad,-6 pixels
47.27 s,-0.82 m,8.97 m,0.48 m,0.10 m/s,0.00 m/s,0.00 m/s,0.00 rad,0.00 rad,-0.01 rad,-6 pixels
47.39 s,-0.81 m,8.97 m,0.48 m,0.10 m/s,0.00 m/s,0.00 m/s,0.00 rad,0.00 rad,-0.01 rad,-5 pixels
47.51 s,-0.80 m,8.97 m,0.48 m,0.10 m/s,0.00 m/s,0.00 m/s,0.00 rad,0.00 rad,-0.01 rad,-5 pixels
47.63 s,-0.79 m,8.97 m,0.48 m,0.10 m/s,0.00 m/s,0.00 m/s,0.00 rad,0.00 rad,-0.01 rad,-5 pixels
47.75 s,-0.77 m,8.97 m,0.48 m,0.10 m/s,-0.00 m/s,0.00 m/s,0.00 rad,0.00 rad,-0.01 rad,-5 pixels
47.87 s,-0.76 m,8.97 m,0.48 m,0.10 m/s,-0.00 m/s,0.00 m/s,0.00 rad,0.00 rad,-0.01 rad,-5 pixels
48.0 s,-0.75 m,8.97 m,0.48 m,0.10 m/s,-0.00 m/s,0.00 m/s,0.00 rad,0.00 rad,-0.01 rad,-5 pixels
48.11 s,-0.74 m,8.97 m,0.48 m,0.10 m/s,-0.00 m/s,0.00 m/s,0.00 rad,0.00 rad,-0.01 rad,-5 pixels
48.23 s,-0.73 m,8.97 m,0.48 m,0.10 m/s,-0.00 m/s,0.00 m/s,0.00 rad,0.00 rad,-0.01 rad,-5 pixels
48.35 s,-0.72 m,8.97 m,0.48 m,0.10 m/s,-0.00 m/s,0.00 m/s,0.00 rad,0.00 rad,-0.01 rad,-5 pixels
48.46 s,-0.71 m,8.97 m,0.48 m,0.10 m/s,-0.00 m/s,0.00 m/s,0.00 rad,0.00 rad,-0.01 rad,-5 pixels
48.58 s,-0.70 m,8.97 m,0.48 m,0.10 m/s,-0.00 m/s,0.00 m/s,0.00 rad,0.00 rad,-0.01 rad,-5 pixels
48.7 s,-0.69 m,8.97 m,0.48 m,0.10 m/s,-0.00 m/s,0.00 m/s,0.00 rad,0.00 rad,-0.01 rad,-5 pixels
48.82 s,-0.68 m,8.97 m,0.48 m,0.10 m/s,-0.00 m/s,-0.00 m/s,0.00 rad,0.00 rad,-0.01 rad,-5 pixels
48.94 s,-0.67 m,8.97 m,0.48 m,0.10 m/s,-0.00 m/s,-0.00 m/s,0.00 rad,0.00 rad,-0.01 rad,-5 pixels
49.07 s,-0.66 m,8.97 m,0.48 m,0.10 m/s,-0.00 m/s,-0.00 m/s,0.00 rad,0.00 rad,-0.01 rad,-5 pixels
49.19 s,-0.64 m,8.97 m,0.48 m,0.10 m/s,-0.00 m/s,-0.00 m/s,0.00 rad,0.00 rad,-0.01 rad,-5 pixels
49.31 s,-0.63 m,8.97 m,0.48 m,0.10 m/s,-0.00 m/s,-0.00 m/s,0.00 rad,0.00 rad,-0.01 rad,-5 pixels
49.43 s,-0.62 m,8.97 m,0.48 m,0.10 m/s,-0.00 m/s,-0.00 m/s,0.00 rad,0.00 rad,-0.01 rad,-5 pixels
49.55 s,-0.61 m,8.97 m,0.48 m,0.10 m/s,-0.00 m/s,-0.00 m/s,0.00 rad,0.00 rad,-0.01 rad,-5 pixels
49.67 s,-0.60 m,8.97 m,0.48 m,0.10 m/s,0.00 m/s,-0.00 m/s,0.00 rad,0.00 rad,-0.01 rad,-6 pixels
49.79 s,-0.59 m,8.97 m,0.48 m,0.10 m/s,0.00 m/s,-0.00 m/s,0.00 rad,0.00 rad,-0.01 rad,-6 pixels
49.9 s,-0.58 m,8.97 m,0.48 m,0.10 m/s,0.00 m/s,-0.00 m/s,0.00 rad,0.00 rad,-0.01 rad,-6 pixels
50.02 s,-0.57 m,8.97 m,0.48 m,0.10 m/s,0.00 m/s,-0.00 m/s,0.00 rad,0.00 rad,-0.01 rad,-6 pixels
50.14 s,-0.56 m,8.97 m,0.48 m,0.10 m/s,0.00 m/s,-0.00 m/s,0.00 rad,0.00 rad,-0.01 rad,-4 pixels
50.25 s,-0.55 m,8.97 m,0.48 m,0.10 m/s,0.00 m/s,-0.00 m/s,0.00 rad,0.00 rad,-0.01 rad,-3 pixels
50.37 s,-0.54 m,8.97 m,0.48 m,0.10 m/s,0.00 m/s,-0.00 m/s,0.00 rad,0.00 rad,-0.01 rad,-1 pixels
50.49 s,-0.53 m,8.97 m,0.48 m,0.10 m/s,0.00 m/s,-0.00 m/s,0.00 rad,0.00 rad,-0.01 rad,0 pixels
50.61 s,-0.52 m,8.97 m,0.48 m,0.10 m/s,0.00 m/s,-0.00 m/s,0.00 rad,0.00 rad,-0.01 rad,2 pixels
50.74 s,-0.51 m,8.97 m,0.48 m,0.10 m/s,0.00 m/s,-0.00 m/s,0.00 rad,0.00 rad,-0.01 rad,3 pixels
50.76 s,-0.50 m,8.97 m,0.48 m,0.10 m/s,0.00 m/s,-0.00 m/s,0.00 rad,0.00 rad,-0.01 rad,4 pixels
50.78 s,-0.50 m,8.97 m,0.48 m,0.10 m/s,0.00 m/s,-0.00 m/s,0.00 rad,0.00 rad,-0.01 rad,6 pixels
50.81 s,-0.50 m,8.97 m,0.48 m,0.10 m/s,0.00 m/s,-0.00 m/s,0.00 rad,0.00 rad,-0.01 rad,7 pixels
50.83 s,-0.50 m,8.97 m,0.48 m,0.10 m/s,0.00 m/s,-0.00 m/s,0.00 rad,0.00 rad,-0.01 rad,8 pixels
50.85 s,-0.50 m,8.97 m,0.48 m,0.10 m/s,0.00 m/s,-0.00 m/s,0.00 rad,0.00 rad,-0.01 rad,10 pixels
50.87 s,-0.50 m,8.97 m,0.48 m,0.10 m/s,0.00 m/s,-0.00 m/s,0.00 rad,0.00 rad,-0.01 rad,11 pixels
50.89 s,-0.49 m,8.97 m,0.48 m,0.10 m/s,0.00 m/s,-0.00 m/s,0.00 rad,0.00 rad,-0.01 rad,12 pixels
50.93 s,-0.49 m,8.97 m,0.48 m,0.10 m/s,0.00 m/s,-0.00 m/s,0.00 rad,0.00 rad,-0.01 rad,13 pixels
51.05 s,-0.48 m,8.97 m,0.48 m,0.10 m/s,0.00 m/s,-0.00 m/s,0.00 rad,0.00 rad,-0.01 rad,14 pixels
51.15 s,-0.47 m,8.97 m,0.48 m,0.10 m/s,0.00 m/s,-0.00 m/s,0.00 rad,0.00 rad,-0.01 rad,16 pixels
51.26 s,-0.46 m,8.97 m,0.48 m,0.10 m/s,0.00 m/s,-0.00 m/s,0.00 rad,0.00 rad,-0.01 rad,17 pixels
51.37 s,-0.45 m,8.97 m,0.48 m,0.10 m/s,0.00 m/s,-0.00 m/s,0.00 rad,0.00 rad,-0.01 rad,18 pixels
51.49 s,-0.44 m,8.97 m,0.48 m,0.10 m/s,0.00 m/s,-0.00 m/s,0.00 rad,0.00 rad,-0.01 rad,19 pixels
51.6 s,-0.43 m,8.97 m,0.48 m,0.10 m/s,0.00 m/s,-0.00 m/s,0.00 rad,0.00 rad,-0.01 rad,20 pixels
51.71 s,-0.42 m,8.97 m,0.48 m,0.10 m/s,0.00 m/s,-0.00 m/s,0.00 rad,0.00 rad,-0.01 rad,21 pixels
51.82 s,-0.41 m,8.97 m,0.48 m,0.10 m/s,0.00 m/s,-0.00 m/s,0.00 rad,0.00 rad,-0.01 rad,22 pixels
51.93 s,-0.40 m,8.97 m,0.48 m,0.10 m/s,0.00 m/s,-0.00 m/s,0.00 rad,0.00 rad,-0.01 rad,23 pixels
52.03 s,-0.39 m,8.97 m,0.48 m,0.10 m/s,0.00 m/s,-0.00 m/s,0.00 rad,0.00 rad,-0.01 rad,24 pixels
52.15 s,-0.38 m,8.97 m,0.48 m,0.10 m/s,0.00 m/s,-0.00 m/s,0.00 rad,0.00 rad,-0.01 rad,25 pixels
52.26 s,-0.37 m,8.97 m,0.48 m,0.10 m/s,0.00 m/s,-0.00 m/s,0.00 rad,0.00 rad,-0.01 rad,26 pixels
52.36 s,-0.36 m,8.97 m,0.48 m,0.10 m/s,0.00 m/s,0.00 m/s,0.00 rad,0.00 rad,-0.01 rad,27 pixels
52.49 s,-0.35 m,8.97 m,0.48 m,0.10 m/s,-0.00 m/s,0.00 m/s,0.00 rad,0.00 rad,-0.01 rad,28 pixels
52.59 s,-0.34 m,8.97 m,0.48 m,0.10 m/s,-0.00 m/s,0.00 m/s,0.00 rad,0.00 rad,-0.01 rad,29 pixels
52.71 s,-0.33 m,8.97 m,0.48 m,0.10 m/s,-0.00 m/s,0.00 m/s,0.00 rad,0.00 rad,-0.01 rad,30 pixels
52.8 s,-0.32 m,8.97 m,0.48 m,0.10 m/s,-0.00 m/s,0.00 m/s,0.00 rad,0.00 rad,-0.01 rad,31 pixels
52.91 s,-0.31 m,8.97 m,0.48 m,0.10 m/s,-0.00 m/s,0.00 m/s,0.00 rad,0.00 rad,-0.01 rad,32 pixels
53.02 s,-0.30 m,8.97 m,0.48 m,0.10 m/s,-0.00 m/s,0.00 m/s,0.00 rad,0.00 rad,-0.01 rad,32 pixels
53.14 s,-0.29 m,8.97 m,0.48 m,0.10 m/s,-0.00 m/s,0.00 m/s,0.00 rad,0.00 rad,-0.01 rad,33 pixels
53.25 s,-0.28 m,8.97 m,0.48 m,0.10 m/s,-0.00 m/s,0.00 m/s,0.00 rad,0.00 rad,-0.01 rad,34 pixels
53.36 s,-0.27 m,8.97 m,0.48 m,0.10 m/s,-0.00 m/s,0.00 m/s,0.00 rad,0.00 rad,-0.01 rad,35 pixels
53.47 s,-0.26 m,8.97 m,0.48 m,0.10 m/s,-0.00 m/s,0.00 m/s,0.00 rad,0.00 rad,-0.01 rad,35 pixels
53.57 s,-0.25 m,8.97 m,0.48 m,0.10 m/s,-0.00 m/s,0.00 m/s,0.00 rad,0.00 rad,-0.01 rad,36 pixels
53.69 s,-0.24 m,8.97 m,0.48 m,0.10 m/s,-0.00 m/s,0.00 m/s,0.00 rad,0.00 rad,-0.01 rad,37 pixels
53.8 s,-0.23 m,8.97 m,0.48 m,0.10 m/s,-0.00 m/s,0.00 m/s,0.00 rad,0.00 rad,-0.01 rad,37 pixels
53.9 s,-0.22 m,8.97 m,0.48 m,0.10 m/s,-0.00 m/s,0.00 m/s,0.00 rad,0.00 rad,-0.01 rad,38 pixels
54.01 s,-0.21 m,8.97 m,0.48 m,0.10 m/s,-0.00 m/s,0.00 m/s,0.00 rad,0.00 rad,-0.01 rad,38 pixels
54.13 s,-0.20 m,8.97 m,0.48 m,0.10 m/s,-0.00 m/s,0.00 m/s,0.00 rad,0.00 rad,-0.01 rad,38 pixels
54.23 s,-0.19 m,8.97 m,0.48 m,0.10 m/s,-0.00 m/s,0.00 m/s,0.00 rad,0.00 rad,-0.01 rad,37 pixels
54.34 s,-0.18 m,8.97 m,0.48 m,0.10 m/s,-0.00 m/s,0.00 m/s,0.00 rad,0.00 rad,-0.01 rad,37 pixels
54.45 s,-0.17 m,8.96 m,0.48 m,0.10 m/s,-0.00 m/s,0.00 m/s,0.00 rad,0.00 rad,-0.01 rad,37 pixels
54.57 s,-0.16 m,8.96 m,0.48 m,0.10 m/s,-0.00 m/s,0.00 m/s,0.00 rad,0.00 rad,-0.01 rad,37 pixels
54.67 s,-0.15 m,8.96 m,0.48 m,0.10 m/s,-0.00 m/s,0.00 m/s,0.00 rad,0.00 rad,-0.01 rad,37 pixels
54.79 s,-0.14 m,8.96 m,0.48 m,0.10 m/s,-0.00 m/s,0.00 m/s,0.00 rad,0.00 rad,-0.01 rad,37 pixels
54.9 s,-0.13 m,8.96 m,0.48 m,0.10 m/s,-0.00 m/s,0.00 m/s,0.00 rad,0.00 rad,-0.01 rad,37 pixels
55.01 s,-0.12 m,8.96 m,0.48 m,0.10 m/s,-0.00 m/s,0.00 m/s,0.00 rad,0.00 rad,-0.01 rad,37 pixels
55.14 s,-0.11 m,8.96 m,0.48 m,0.10 m/s,-0.00 m/s,0.00 m/s,0.00 rad,0.00 rad,-0.01 rad,37 pixels
55.25 s,-0.10 m,8.96 m,0.48 m,0.10 m/s,-0.00 m/s,0.00 m/s,0.00 rad,0.00 rad,-0.01 rad,37 pixels
55.35 s,-0.09 m,8.96 m,0.48 m,0.10 m/s,-0.00 m/s,0.00 m/s,0.00 rad,0.00 rad,-0.01 rad,37 pixels
55.46 s,-0.08 m,8.96 m,0.48 m,0.10 m/s,-0.00 m/s,-0.00 m/s,0.00 rad,0.00 rad,-0.01 rad,37 pixels
55.56 s,-0.07 m,8.96 m,0.48 m,0.10 m/s,-0.00 m/s,-0.00 m/s,0.00 rad,0.00 rad,-0.01 rad,37 pixels
55.66 s,-0.06 m,8.96 m,0.48 m,0.10 m/s,-0.00 m/s,-0.00 m/s,0.00 rad,0.00 rad,-0.01 rad,37 pixels
55.77 s,-0.05 m,8.96 m,0.48 m,0.10 m/s,-0.00 m/s,-0.00 m/s,0.00 rad,0.00 rad,-0.01 rad,37 pixels
55.88 s,-0.04 m,8.96 m,0.48 m,0.10 m/s,-0.00 m/s,-0.00 m/s,0.00 rad,0.00 rad,-0.01 rad,37 pixels
56.0 s,-0.03 m,8.96 m,0.48 m,0.10 m/s,-0.00 m/s,-0.00 m/s,0.00 rad,0.00 rad,-0.01 rad,37 pixels
56.11 s,-0.02 m,8.96 m,0.48 m,0.10 m/s,-0.00 m/s,-0.00 m/s,0.00 rad,0.00 rad,-0.01 rad,37 pixels
56.22 s,-0.01 m,8.96 m,0.48 m,0.10 m/s,-0.00 m/s,-0.00 m/s,0.00 rad,0.00 rad,-0.01 rad,37 pixels
56.34 s,-0.00 m,8.96 m,0.48 m,0.10 m/s,-0.00 m/s,-0.00 m/s,0.00 rad,0.00 rad,-0.01 rad,37 pixels
56.45 s,0.01 m,8.96 m,0.48 m,0.10 m/s,-0.00 m/s,-0.00 m/s,0.00 rad,0.00 rad,-0.01 rad,37 pixels
56.56 s,0.02 m,8.96 m,0.48 m,0.10 m/s,-0.00 m/s,-0.00 m/s,0.00 rad,0.00 rad,-0.01 rad,37 pixels
56.67 s,0.03 m,8.96 m,0.48 m,0.10 m/s,-0.00 m/s,-0.00 m/s,0.00 rad,0.00 rad,-0.01 rad,37 pixels
56.77 s,0.04 m,8.96 m,0.48 m,0.10 m/s,-0.00 m/s,-0.00 m/s,0.00 rad,0.00 rad,-0.01 rad,37 pixels
56.88 s,0.05 m,8.96 m,0.48 m,0.10 m/s,-0.00 m/s,-0.00 m/s,0.00 rad,0.00 rad,-0.01 rad,37 pixels
56.99 s,0.06 m,8.96 m,0.48 m,0.10 m/s,-0.00 m/s,-0.00 m/s,0.00 rad,0.00 rad,-0.01 rad,37 pixels
57.11 s,0.07 m,8.96 m,0.48 m,0.10 m/s,-0.00 m/s,-0.00 m/s,0.00 rad,0.00 rad,-0.01 rad,37 pixels
57.22 s,0.08 m,8.96 m,0.48 m,0.10 m/s,-0.00 m/s,-0.00 m/s,0.00 rad,0.00 rad,-0.01 rad,37 pixels
57.32 s,0.08 m,8.96 m,0.48 m,0.10 m/s,-0.00 m/s,-0.00 m/s,0.00 rad,0.00 rad,-0.01 rad,37 pixels
57.45 s,0.10 m,8.96 m,0.48 m,0.10 m/s,-0.00 m/s,-0.00 m/s,0.00 rad,0.00 rad,-0.01 rad,37 pixels
57.53 s,0.11 m,8.96 m,0.48 m,0.10 m/s,-0.00 m/s,-0.00 m/s,0.00 rad,0.00 rad,-0.01 rad,37 pixels
57.65 s,0.12 m,8.96 m,0.48 m,0.10 m/s,-0.00 m/s,-0.00 m/s,0.00 rad,0.00 rad,-0.01 rad,37 pixels
57.76 s,0.13 m,8.96 m,0.48 m,0.10 m/s,-0.00 m/s,-0.00 m/s,0.00 rad,0.00 rad,-0.01 rad,37 pixels
57.86 s,0.14 m,8.96 m,0.48 m,0.10 m/s,-0.00 m/s,-0.00 m/s,0.00 rad,0.00 rad,-0.01 rad,36 pixels
57.97 s,0.15 m,8.96 m,0.48 m,0.10 m/s,-0.00 m/s,-0.00 m/s,0.00 rad,0.00 rad,-0.01 rad,36 pixels
58.08 s,0.16 m,8.96 m,0.48 m,0.10 m/s,-0.00 m/s,-0.00 m/s,0.00 rad,0.00 rad,-0.01 rad,36 pixels
58.2 s,0.17 m,8.96 m,0.48 m,0.10 m/s,-0.00 m/s,-0.00 m/s,0.00 rad,0.00 rad,-0.01 rad,36 pixels
58.3 s,0.18 m,8.96 m,0.48 m,0.10 m/s,-0.00 m/s,-0.00 m/s,0.00 rad,0.00 rad,-0.01 rad,36 pixels
58.41 s,0.19 m,8.96 m,0.48 m,0.10 m/s,-0.00 m/s,-0.00 m/s,0.00 rad,0.00 rad,-0.01 rad,36 pixels
58.52 s,0.20 m,8.96 m,0.48 m,0.10 m/s,-0.00 m/s,-0.00 m/s,0.00 rad,0.00 rad,-0.01 rad,36 pixels
58.64 s,0.21 m,8.96 m,0.48 m,0.10 m/s,-0.00 m/s,-0.00 m/s,0.00 rad,0.00 rad,-0.01 rad,35 pixels
58.74 s,0.22 m,8.96 m,0.48 m,0.10 m/s,-0.00 m/s,-0.00 m/s,0.00 rad,0.00 rad,-0.01 rad,34 pixels
58.85 s,0.23 m,8.96 m,0.48 m,0.10 m/s,-0.00 m/s,-0.00 m/s,0.00 rad,0.00 rad,-0.01 rad,33 pixels
58.96 s,0.24 m,8.96 m,0.48 m,0.10 m/s,-0.00 m/s,-0.00 m/s,0.00 rad,0.00 rad,-0.01 rad,32 pixels
59.06 s,0.25 m,8.96 m,0.48 m,0.10 m/s,-0.00 m/s,-0.00 m/s,0.00 rad,0.00 rad,-0.01 rad,31 pixels
59.17 s,0.26 m,8.96 m,0.48 m,0.10 m/s,-0.00 m/s,-0.00 m/s,0.00 rad,0.00 rad,-0.01 rad,30 pixels
59.28 s,0.27 m,8.96 m,0.48 m,0.10 m/s,-0.00 m/s,-0.00 m/s,0.00 rad,0.00 rad,-0.01 rad,29 pixels
59.39 s,0.28 m,8.96 m,0.48 m,0.10 m/s,-0.00 m/s,-0.00 m/s,0.00 rad,0.00 rad,-0.01 rad,28 pixels
59.5 s,0.29 m,8.96 m,0.48 m,0.10 m/s,-0.00 m/s,-0.00 m/s,0.00 rad,0.00 rad,-0.01 rad,27 pixels
59.62 s,0.30 m,8.96 m,0.48 m,0.10 m/s,-0.00 m/s,-0.00 m/s,0.00 rad,0.00 rad,-0.01 rad,26 pixels
59.73 s,0.31 m,8.96 m,0.48 m,0.10 m/s,-0.00 m/s,-0.00 m/s,0.00 rad,0.00 rad,-0.01 rad,25 pixels
59.83 s,0.32 m,8.96 m,0.48 m,0.10 m/s,-0.00 m/s,-0.00 m/s,0.00 rad,0.00 rad,-0.01 rad,24 pixels
59.93 s,0.33 m,8.96 m,0.48 m,0.10 m/s,-0.00 m/s,-0.00 m/s,0.00 rad,0.00 rad,-0.01 rad,23 pixels
60.05 s,0.34 m,8.96 m,0.48 m,0.10 m/s,-0.00 m/s,-0.00 m/s,0.00 rad,0.00 rad,-0.01 rad,22 pixels
60.17 s,0.35 m,8.96 m,0.48 m,0.10 m/s,0.00 m/s,-0.00 m/s,0.00 rad,0.00 rad,-0.01 rad,21 pixels
60.28 s,0.36 m,8.96 m,0.48 m,0.10 m/s,0.00 m/s,-0.00 m/s,0.00 rad,0.00 rad,-0.01 rad,20 pixels
60.39 s,0.37 m,8.96 m,0.48 m,0.10 m/s,0.00 m/s,-0.00 m/s,0.00 rad,0.00 rad,-0.01 rad,19 pixels
60.51 s,0.38 m,8.96 m,0.48 m,0.10 m/s,0.00 m/s,-0.00 m/s,0.00 rad,0.00 rad,-0.01 rad,18 pixels
60.62 s,0.39 m,8.96 m,0.48 m,0.10 m/s,0.00 m/s,-0.00 m/s,0.00 rad,0.00 rad,-0.01 rad,17 pixels
60.73 s,0.40 m,8.96 m,0.48 m,0.10 m/s,0.00 m/s,0.00 m/s,0.00 rad,0.00 rad,-0.01 rad,16 pixels
60.85 s,0.41 m,8.96 m,0.48 m,0.10 m/s,0.00 m/s,0.00 m/s,0.00 rad,0.00 rad,-0.01 rad,15 pixels
60.96 s,0.42 m,8.96 m,0.48 m,0.10 m/s,0.00 m/s,0.00 m/s,0.00 rad,0.00 rad,-0.01 rad,14 pixels
61.07 s,0.43 m,8.96 m,0.48 m,0.10 m/s,0.00 m/s,0.00 m/s,0.00 rad,0.00 rad,-0.01 rad,12 pixels
61.17 s,0.44 m,8.96 m,0.48 m,0.10 m/s,0.00 m/s,0.00 m/s,0.00 rad,0.00 rad,-0.01 rad,11 pixels
61.3 s,0.45 m,8.96 m,0.48 m,0.10 m/s,0.00 m/s,0.00 m/s,0.00 rad,0.00 rad,-0.01 rad,10 pixels
61.4 s,0.46 m,8.96 m,0.48 m,0.10 m/s,0.00 m/s,0.00 m/s,0.00 rad,0.00 rad,-0.01 rad,9 pixels
61.51 s,0.47 m,8.96 m,0.48 m,0.10 m/s,0.00 m/s,0.00 m/s,0.00 rad,0.00 rad,-0.01 rad,8 pixels
61.61 s,0.48 m,8.96 m,0.48 m,0.10 m/s,0.00 m/s,0.00 m/s,0.00 rad,0.00 rad,-0.01 rad,6 pixels
61.72 s,0.49 m,8.96 m,0.48 m,0.10 m/s,0.00 m/s,0.00 m/s,0.00 rad,0.00 rad,-0.01 rad,5 pixels
61.83 s,0.50 m,8.96 m,0.48 m,0.10 m/s,0.00 m/s,0.00 m/s,0.00 rad,0.00 rad,-0.01 rad,4 pixels
61.95 s,0.51 m,8.96 m,0.48 m,0.10 m/s,0.00 m/s,0.00 m/s,0.00 rad,0.00 rad,-0.01 rad,3 pixels
62.06 s,0.52 m,8.96 m,0.48 m,0.10 m/s,0.00 m/s,0.00 m/s,0.00 rad,0.00 rad,-0.01 rad,1 pixels
62.18 s,0.53 m,8.96 m,0.48 m,0.10 m/s,0.00 m/s,0.00 m/s,0.00 rad,0.00 rad,-0.01 rad,0 pixels
62.29 s,0.54 m,8.96 m,0.48 m,0.10 m/s,0.00 m/s,0.00 m/s,0.00 rad,0.00 rad,-0.01 rad,-1 pixels
62.4 s,0.55 m,8.96 m,0.48 m,0.10 m/s,0.00 m/s,0.00 m/s,0.00 rad,0.00 rad,-0.01 rad,-3 pixels
62.52 s,0.56 m,8.96 m,0.48 m,0.10 m/s,0.00 m/s,0.00 m/s,0.00 rad,0.00 rad,-0.01 rad,-4 pixels
62.63 s,0.57 m,8.96 m,0.48 m,0.10 m/s,0.00 m/s,0.00 m/s,0.00 rad,0.00 rad,-0.01 rad,-6 pixels
62.74 s,0.58 m,8.96 m,0.48 m,0.10 m/s,0.00 m/s,0.00 m/s,0.00 rad,0.00 rad,-0.01 rad,-7 pixels
62.86 s,0.59 m,8.96 m,0.48 m,0.10 m/s,0.00 m/s,0.00 m/s,0.00 rad,0.00 rad,-0.01 rad,-9 pixels
62.98 s,0.60 m,8.96 m,0.48 m,0.10 m/s,0.00 m/s,0.00 m/s,0.00 rad,0.00 rad,-0.01 rad,-9 pixels
63.09 s,0.61 m,8.96 m,0.48 m,0.10 m/s,0.00 m/s,0.00 m/s,0.00 rad,0.00 rad,-0.01 rad,-9 pixels
63.21 s,0.62 m,8.96 m,0.48 m,0.10 m/s,0.00 m/s,0.00 m/s,0.00 rad,0.00 rad,-0.01 rad,-9 pixels
63.33 s,0.63 m,8.96 m,0.48 m,0.10 m/s,0.00 m/s,0.00 m/s,0.00 rad,0.00 rad,-0.01 rad,-9 pixels
63.45 s,0.64 m,8.96 m,0.48 m,0.10 m/s,0.00 m/s,0.00 m/s,0.00 rad,0.00 rad,-0.01 rad,-9 pixels
63.57 s,0.65 m,8.96 m,0.48 m,0.10 m/s,0.00 m/s,0.00 m/s,0.00 rad,0.00 rad,-0.01 rad,-9 pixels
63.69 s,0.66 m,8.96 m,0.48 m,0.10 m/s,0.00 m/s,-0.00 m/s,0.00 rad,0.00 rad,-0.01 rad,-9 pixels
63.82 s,0.67 m,8.96 m,0.48 m,0.10 m/s,0.00 m/s,-0.00 m/s,0.00 rad,0.00 rad,-0.01 rad,-9 pixels
63.95 s,0.68 m,8.96 m,0.48 m,0.10 m/s,0.00 m/s,-0.00 m/s,0.00 rad,0.00 rad,-0.01 rad,-9 pixels
64.09 s,0.70 m,8.96 m,0.48 m,0.10 m/s,-0.00 m/s,-0.00 m/s,0.00 rad,0.00 rad,-0.01 rad,-9 pixels
64.21 s,0.71 m,8.96 m,0.48 m,0.10 m/s,-0.00 m/s,-0.00 m/s,0.00 rad,0.00 rad,-0.01 rad,-9 pixels
64.34 s,0.72 m,8.96 m,0.48 m,0.10 m/s,-0.00 m/s,-0.00 m/s,0.00 rad,0.00 rad,-0.01 rad,-9 pixels
64.46 s,0.73 m,8.96 m,0.48 m,0.10 m/s,-0.00 m/s,-0.00 m/s,0.00 rad,0.00 rad,-0.01 rad,-9 pixels
64.58 s,0.74 m,8.96 m,0.48 m,0.10 m/s,-0.00 m/s,-0.00 m/s,0.00 rad,0.00 rad,-0.01 rad,-9 pixels
64.7 s,0.75 m,8.96 m,0.48 m,0.10 m/s,-0.00 m/s,-0.00 m/s,0.00 rad,0.00 rad,-0.01 rad,-9 pixels
64.82 s,0.76 m,8.96 m,0.48 m,0.10 m/s,-0.00 m/s,-0.00 m/s,0.00 rad,0.00 rad,-0.01 rad,-9 pixels
64.94 s,0.77 m,8.96 m,0.48 m,0.10 m/s,-0.00 m/s,-0.00 m/s,0.00 rad,0.00 rad,-0.01 rad,-9 pixels
65.05 s,0.78 m,8.96 m,0.48 m,0.10 m/s,-0.00 m/s,-0.00 m/s,0.00 rad,0.00 rad,-0.01 rad,-9 pixels
65.17 s,0.79 m,8.96 m,0.48 m,0.10 m/s,-0.00 m/s,-0.00 m/s,0.00 rad,0.00 rad,-0.01 rad,-9 pixels
65.29 s,0.80 m,8.96 m,0.48 m,0.10 m/s,-0.00 m/s,-0.00 m/s,0.00 rad,0.00 rad,-0.01 rad,-9 pixels
65.41 s,0.81 m,8.96 m,0.48 m,0.10 m/s,-0.00 m/s,-0.00 m/s,0.00 rad,0.00 rad,-0.01 rad,-9 pixels
65.52 s,0.82 m,8.96 m,0.48 m,0.10 m/s,-0.00 m/s,-0.00 m/s,0.00 rad,0.00 rad,-0.01 rad,-9 pixels
65.64 s,0.83 m,8.96 m,0.48 m,0.10 m/s,-0.00 m/s,-0.00 m/s,0.00 rad,0.00 rad,-0.01 rad,-9 pixels
65.76 s,0.85 m,8.96 m,0.48 m,0.10 m/s,-0.00 m/s,-0.00 m/s,0.00 rad,0.00 rad,-0.01 rad,-10 pixels
65.88 s,0.86 m,8.96 m,0.48 m,0.10 m/s,-0.00 m/s,-0.00 m/s,0.00 rad,0.00 rad,-0.01 rad,-10 pixels
65.99 s,0.87 m,8.96 m,0.48 m,0.10 m/s,-0.00 m/s,-0.00 m/s,0.00 rad,0.00 rad,-0.01 rad,-10 pixels
66.11 s,0.88 m,8.96 m,0.48 m,0.10 m/s,-0.00 m/s,-0.00 m/s,0.00 rad,0.00 rad,-0.01 rad,-10 pixels
66.23 s,0.89 m,8.96 m,0.48 m,0.10 m/s,-0.00 m/s,-0.00 m/s,0.00 rad,0.00 rad,-0.01 rad,-10 pixels
66.35 s,0.90 m,8.96 m,0.48 m,0.10 m/s,-0.00 m/s,-0.00 m/s,0.00 rad,0.00 rad,-0.01 rad,-10 pixels
66.46 s,0.91 m,8.95 m,0.48 m,0.10 m/s,-0.00 m/s,-0.00 m/s,0.00 rad,0.00 rad,-0.01 rad,-10 pixels
66.58 s,0.92 m,8.95 m,0.48 m,0.10 m/s,-0.00 m/s,-0.00 m/s,0.00 rad,0.00 rad,-0.01 rad,-10 pixels
66.71 s,0.93 m,8.95 m,0.48 m,0.10 m/s,-0.00 m/s,-0.00 m/s,0.00 rad,0.00 rad,-0.01 rad,-10 pixels
66.83 s,0.94 m,8.95 m,0.48 m,0.10 m/s,-0.00 m/s,-0.00 m/s,0.00 rad,0.00 rad,-0.01 rad,-10 pixels
66.94 s,0.95 m,8.95 m,0.48 m,0.10 m/s,-0.00 m/s,-0.00 m/s,0.00 rad,0.00 rad,-0.01 rad,-11 pixels
67.06 s,0.96 m,8.95 m,0.48 m,0.10 m/s,-0.00 m/s,-0.00 m/s,0.00 rad,-0.00 rad,-0.01 rad,-11 pixels
67.18 s,0.97 m,8.95 m,0.48 m,0.10 m/s,-0.00 m/s,-0.00 m/s,0.00 rad,-0.00 rad,-0.01 rad,-11 pixels
67.3 s,0.98 m,8.95 m,0.48 m,0.10 m/s,0.00 m/s,-0.00 m/s,0.00 rad,0.00 rad,-0.01 rad,-11 pixels
67.42 s,0.99 m,8.95 m,0.48 m,0.10 m/s,0.00 m/s,0.00 m/s,0.00 rad,0.00 rad,-0.01 rad,-11 pixels
67.54 s,1.00 m,8.95 m,0.48 m,0.10 m/s,0.00 m/s,0.00 m/s,0.00 rad,-0.00 rad,-0.01 rad,-11 pixels
67.66 s,1.01 m,8.95 m,0.48 m,0.10 m/s,0.01 m/s,0.00 m/s,0.00 rad,-0.00 rad,-0.01 rad,-11 pixels
67.78 s,1.02 m,8.95 m,0.48 m,0.10 m/s,0.01 m/s,0.00 m/s,0.00 rad,-0.00 rad,-0.01 rad,-12 pixels
67.9 s,1.03 m,8.96 m,0.48 m,0.10 m/s,0.01 m/s,0.00 m/s,0.00 rad,0.00 rad,-0.01 rad,-12 pixels
68.02 s,1.04 m,8.96 m,0.48 m,0.10 m/s,0.01 m/s,0.00 m/s,0.00 rad,0.00 rad,-0.01 rad,-11 pixels
68.13 s,1.05 m,8.96 m,0.48 m,0.10 m/s,0.01 m/s,0.00 m/s,0.00 rad,-0.00 rad,-0.01 rad,-11 pixels
68.25 s,1.06 m,8.96 m,0.48 m,0.10 m/s,0.01 m/s,0.00 m/s,0.00 rad,-0.00 rad,-0.01 rad,-10 pixels
68.37 s,1.07 m,8.96 m,0.48 m,0.10 m/s,0.02 m/s,0.00 m/s,0.00 rad,0.00 rad,-0.01 rad,-10 pixels
68.49 s,1.08 m,8.96 m,0.48 m,0.10 m/s,0.01 m/s,0.00 m/s,0.00 rad,0.00 rad,-0.01 rad,-10 pixels
68.61 s,1.09 m,8.96 m,0.48 m,0.10 m/s,0.01 m/s,0.00 m/s,0.00 rad,0.00 rad,-0.01 rad,-10 pixels
68.74 s,1.11 m,8.97 m,0.48 m,0.10 m/s,0.01 m/s,0.00 m/s,0.00 rad,0.00 rad,-0.01 rad,-8 pixels
68.85 s,1.12 m,8.97 m,0.48 m,0.10 m/s,0.01 m/s,0.00 m/s,0.00 rad,0.00 rad,-0.01 rad,-7 pixels
68.98 s,1.13 m,8.97 m,0.48 m,0.10 m/s,0.00 m/s,0.00 m/s,0.00 rad,0.00 rad,-0.01 rad,-6 pixels
69.1 s,1.14 m,8.97 m,0.48 m,0.10 m/s,0.00 m/s,0.00 m/s,0.00 rad,0.00 rad,-0.01 rad,-6 pixels
69.22 s,1.15 m,8.97 m,0.48 m,0.10 m/s,-0.00 m/s,0.00 m/s,0.00 rad,0.00 rad,-0.01 rad,-6 pixels
69.34 s,1.16 m,8.97 m,0.48 m,0.10 m/s,-0.00 m/s,0.00 m/s,0.00 rad,0.00 rad,-0.01 rad,-6 pixels
69.46 s,1.17 m,8.97 m,0.48 m,0.10 m/s,-0.00 m/s,0.00 m/s,0.00 rad,0.00 rad,-0.01 rad,-6 pixels
69.57 s,1.18 m,8.97 m,0.48 m,0.10 m/s,-0.00 m/s,0.00 m/s,0.00 rad,0.00 rad,-0.01 rad,-6 pixels
69.69 s,1.19 m,8.97 m,0.48 m,0.10 m/s,-0.00 m/s,0.00 m/s,0.00 rad,0.00 rad,-0.01 rad,-6 pixels
69.82 s,1.20 m,8.96 m,0.48 m,0.10 m/s,-0.00 m/s,0.00 m/s,0.00 rad,0.00 rad,-0.01 rad,-6 pixels
69.93 s,1.21 m,8.96 m,0.48 m,0.10 m/s,-0.00 m/s,0.00 m/s,0.00 rad,0.00 rad,-0.01 rad,-6 pixels
70.05 s,1.23 m,8.96 m,0.48 m,0.10 m/s,-0.00 m/s,0.00 m/s,0.00 rad,0.00 rad,-0.01 rad,-6 pixels
70.17 s,1.24 m,8.96 m,0.48 m,0.10 m/s,-0.00 m/s,-0.00 m/s,0.00 rad,0.00 rad,-0.01 rad,-6 pixels
70.29 s,1.25 m,8.96 m,0.48 m,0.10 m/s,-0.00 m/s,-0.00 m/s,0.00 rad,0.00 rad,-0.01 rad,-7 pixels
70.41 s,1.26 m,8.96 m,0.48 m,0.10 m/s,-0.00 m/s,-0.00 m/s,0.00 rad,0.00 rad,-0.01 rad,-7 pixels
70.53 s,1.27 m,8.96 m,0.48 m,0.10 m/s,-0.00 m/s,-0.00 m/s,0.00 rad,0.00 rad,-0.01 rad,-7 pixels
70.65 s,1.28 m,8.96 m,0.48 m,0.10 m/s,-0.00 m/s,-0.00 m/s,0.00 rad,0.00 rad,-0.01 rad,-7 pixels
70.77 s,1.29 m,8.96 m,0.48 m,0.10 m/s,-0.00 m/s,-0.00 m/s,0.00 rad,0.00 rad,-0.01 rad,-7 pixels
70.89 s,1.30 m,8.96 m,0.48 m,0.10 m/s,-0.00 m/s,-0.00 m/s,0.00 rad,0.00 rad,-0.01 rad,-7 pixels
71.01 s,1.31 m,8.96 m,0.48 m,0.10 m/s,-0.00 m/s,-0.00 m/s,0.00 rad,0.00 rad,-0.01 rad,-7 pixels
71.13 s,1.32 m,8.96 m,0.48 m,0.10 m/s,-0.00 m/s,-0.00 m/s,0.00 rad,0.00 rad,-0.01 rad,-8 pixels
71.25 s,1.33 m,8.96 m,0.48 m,0.10 m/s,-0.00 m/s,-0.00 m/s,0.00 rad,0.00 rad,-0.01 rad,-8 pixels
71.37 s,1.34 m,8.96 m,0.48 m,0.10 m/s,-0.00 m/s,-0.00 m/s,0.00 rad,0.00 rad,-0.01 rad,-8 pixels
71.48 s,1.35 m,8.96 m,0.48 m,0.10 m/s,-0.00 m/s,-0.00 m/s,0.00 rad,0.00 rad,-0.01 rad,-8 pixels
71.6 s,1.37 m,8.96 m,0.48 m,0.10 m/s,-0.00 m/s,-0.00 m/s,0.00 rad,0.00 rad,-0.01 rad,-8 pixels
71.72 s,1.38 m,8.96 m,0.48 m,0.10 m/s,-0.00 m/s,-0.00 m/s,0.00 rad,0.00 rad,-0.01 rad,-8 pixels
71.84 s,1.39 m,8.96 m,0.48 m,0.10 m/s,-0.00 m/s,-0.00 m/s,0.00 rad,0.00 rad,-0.01 rad,-8 pixels
71.96 s,1.40 m,8.96 m,0.48 m,0.10 m/s,-0.00 m/s,-0.00 m/s,0.00 rad,0.00 rad,-0.01 rad,-8 pixels
72.08 s,1.41 m,8.96 m,0.48 m,0.10 m/s,-0.00 m/s,-0.00 m/s,0.00 rad,0.00 rad,-0.01 rad,-8 pixels
72.2 s,1.42 m,8.96 m,0.48 m,0.10 m/s,-0.00 m/s,-0.00 m/s,0.00 rad,0.00 rad,-0.01 rad,-8 pixels
72.32 s,1.43 m,8.96 m,0.48 m,0.10 m/s,-0.00 m/s,-0.00 m/s,0.00 rad,0.00 rad,-0.01 rad,-8 pixels
72.43 s,1.44 m,8.96 m,0.48 m,0.10 m/s,-0.00 m/s,-0.00 m/s,0.00 rad,0.00 rad,-0.01 rad,-8 pixels
72.55 s,1.45 m,8.96 m,0.48 m,0.10 m/s,-0.00 m/s,-0.00 m/s,0.00 rad,0.00 rad,-0.01 rad,-7 pixels
72.67 s,1.46 m,8.96 m,0.48 m,0.10 m/s,-0.00 m/s,-0.00 m/s,0.00 rad,0.00 rad,-0.01 rad,-5 pixels
72.79 s,1.47 m,8.96 m,0.48 m,0.10 m/s,-0.00 m/s,-0.00 m/s,0.00 rad,0.00 rad,-0.01 rad,-3 pixels
72.91 s,1.48 m,8.96 m,0.48 m,0.10 m/s,-0.00 m/s,-0.00 m/s,0.00 rad,0.00 rad,-0.01 rad,-2 pixels
73.02 s,1.49 m,8.96 m,0.48 m,0.10 m/s,-0.00 m/s,-0.00 m/s,0.00 rad,0.00 rad,-0.01 rad,-1 pixels
73.05 s,1.50 m,8.96 m,0.48 m,0.10 m/s,-0.00 m/s,-0.00 m/s,0.00 rad,0.00 rad,-0.01 rad,1 pixels
73.07 s,1.50 m,8.96 m,0.48 m,0.10 m/s,-0.00 m/s,-0.00 m/s,0.00 rad,0.00 rad,-0.01 rad,2 pixels
73.1 s,1.50 m,8.96 m,0.48 m,0.10 m/s,-0.00 m/s,-0.00 m/s,0.00 rad,0.00 rad,-0.01 rad,4 pixels
73.12 s,1.50 m,8.96 m,0.48 m,0.10 m/s,-0.00 m/s,-0.00 m/s,0.00 rad,0.00 rad,-0.01 rad,5 pixels
73.15 s,1.50 m,8.96 m,0.48 m,0.10 m/s,-0.00 m/s,-0.00 m/s,0.00 rad,0.00 rad,-0.01 rad,6 pixels
73.16 s,1.51 m,8.96 m,0.48 m,0.10 m/s,-0.00 m/s,-0.00 m/s,0.00 rad,0.00 rad,-0.01 rad,7 pixels
73.19 s,1.51 m,8.96 m,0.48 m,0.10 m/s,-0.00 m/s,-0.00 m/s,0.00 rad,0.00 rad,-0.01 rad,9 pixels
73.23 s,1.51 m,8.96 m,0.48 m,0.10 m/s,-0.00 m/s,-0.00 m/s,0.00 rad,0.00 rad,-0.01 rad,10 pixels
73.34 s,1.52 m,8.96 m,0.48 m,0.10 m/s,0.00 m/s,-0.00 m/s,0.00 rad,0.00 rad,-0.01 rad,11 pixels
73.44 s,1.53 m,8.96 m,0.48 m,0.10 m/s,0.00 m/s,-0.00 m/s,0.00 rad,0.00 rad,-0.01 rad,12 pixels
73.55 s,1.54 m,8.96 m,0.48 m,0.10 m/s,0.00 m/s,-0.00 m/s,0.00 rad,0.00 rad,-0.01 rad,14 pixels
73.68 s,1.55 m,8.96 m,0.48 m,0.10 m/s,0.00 m/s,-0.00 m/s,0.00 rad,0.00 rad,-0.01 rad,15 pixels
73.78 s,1.56 m,8.96 m,0.48 m,0.10 m/s,0.00 m/s,-0.00 m/s,0.00 rad,0.00 rad,-0.01 rad,16 pixels
73.9 s,1.57 m,8.96 m,0.48 m,0.10 m/s,0.00 m/s,-0.00 m/s,0.00 rad,0.00 rad,-0.01 rad,17 pixels
74.0 s,1.58 m,8.96 m,0.48 m,0.10 m/s,0.00 m/s,-0.00 m/s,0.00 rad,0.00 rad,-0.01 rad,18 pixels
74.11 s,1.59 m,8.96 m,0.48 m,0.10 m/s,0.00 m/s,-0.00 m/s,0.00 rad,0.00 rad,-0.01 rad,19 pixels
74.22 s,1.60 m,8.96 m,0.48 m,0.10 m/s,0.00 m/s,-0.00 m/s,0.00 rad,0.00 rad,-0.01 rad,20 pixels
74.32 s,1.61 m,8.96 m,0.48 m,0.10 m/s,0.00 m/s,-0.00 m/s,0.00 rad,0.00 rad,-0.01 rad,21 pixels
74.43 s,1.62 m,8.96 m,0.48 m,0.10 m/s,0.00 m/s,-0.00 m/s,0.00 rad,0.00 rad,-0.01 rad,22 pixels
74.54 s,1.63 m,8.96 m,0.48 m,0.10 m/s,0.00 m/s,-0.00 m/s,0.00 rad,0.00 rad,-0.01 rad,23 pixels
74.7 s,1.64 m,8.96 m,0.48 m,0.10 m/s,0.00 m/s,-0.00 m/s,0.00 rad,0.00 rad,-0.01 rad,24 pixels
74.77 s,1.65 m,8.96 m,0.48 m,0.10 m/s,0.00 m/s,-0.00 m/s,0.00 rad,0.00 rad,-0.01 rad,25 pixels
74.88 s,1.66 m,8.96 m,0.48 m,0.10 m/s,0.00 m/s,-0.00 m/s,0.00 rad,0.00 rad,-0.01 rad,26 pixels
74.99 s,1.67 m,8.96 m,0.48 m,0.10 m/s,0.00 m/s,0.00 m/s,0.00 rad,0.00 rad,-0.01 rad,27 pixels
75.1 s,1.68 m,8.96 m,0.48 m,0.10 m/s,0.00 m/s,0.00 m/s,0.00 rad,0.00 rad,-0.01 rad,28 pixels
75.22 s,1.69 m,8.96 m,0.48 m,0.10 m/s,0.00 m/s,0.00 m/s,0.00 rad,0.00 rad,-0.01 rad,29 pixels
75.33 s,1.70 m,8.96 m,0.48 m,0.10 m/s,0.00 m/s,0.00 m/s,0.00 rad,0.00 rad,-0.01 rad,30 pixels
75.43 s,1.71 m,8.96 m,0.48 m,0.10 m/s,0.00 m/s,0.00 m/s,0.00 rad,0.00 rad,-0.01 rad,31 pixels
75.55 s,1.72 m,8.96 m,0.48 m,0.10 m/s,0.00 m/s,0.00 m/s,0.00 rad,0.00 rad,-0.01 rad,32 pixels
75.66 s,1.73 m,8.96 m,0.48 m,0.10 m/s,0.00 m/s,0.00 m/s,0.00 rad,0.00 rad,-0.01 rad,33 pixels
75.77 s,1.74 m,8.96 m,0.48 m,0.10 m/s,0.00 m/s,0.00 m/s,0.00 rad,0.00 rad,-0.01 rad,33 pixels
75.88 s,1.75 m,8.96 m,0.48 m,0.10 m/s,0.00 m/s,0.00 m/s,0.00 rad,0.00 rad,-0.01 rad,34 pixels
75.98 s,1.76 m,8.96 m,0.48 m,0.10 m/s,0.00 m/s,0.00 m/s,0.00 rad,0.00 rad,-0.01 rad,35 pixels
76.1 s,1.77 m,8.96 m,0.48 m,0.10 m/s,0.00 m/s,0.00 m/s,0.00 rad,0.00 rad,-0.01 rad,36 pixels
76.23 s,1.78 m,8.96 m,0.48 m,0.10 m/s,-0.00 m/s,0.00 m/s,0.00 rad,0.00 rad,-0.01 rad,37 pixels
76.32 s,1.79 m,8.96 m,0.48 m,0.10 m/s,-0.00 m/s,0.00 m/s,0.00 rad,0.00 rad,-0.01 rad,37 pixels
76.42 s,1.80 m,8.96 m,0.48 m,0.10 m/s,-0.00 m/s,0.00 m/s,0.00 rad,0.00 rad,-0.01 rad,37 pixels
76.54 s,1.81 m,8.96 m,0.48 m,0.10 m/s,-0.00 m/s,0.00 m/s,0.00 rad,0.00 rad,-0.01 rad,37 pixels
76.65 s,1.82 m,8.96 m,0.48 m,0.10 m/s,-0.00 m/s,0.00 m/s,0.00 rad,0.00 rad,-0.01 rad,37 pixels
76.76 s,1.83 m,8.96 m,0.48 m,0.10 m/s,-0.00 m/s,0.00 m/s,0.00 rad,0.00 rad,-0.01 rad,37 pixels
76.87 s,1.84 m,8.96 m,0.48 m,0.10 m/s,-0.00 m/s,0.00 m/s,0.00 rad,0.00 rad,-0.01 rad,37 pixels
